Unnamed: 0,reaction_id_raw,standard_dGr_prime(kJ/mol),SD(kJ/mol),reaction_id_bigg
0,GAM6Pt6_2pp,29.25630288888808,0.0001090737787308,GAM6Pt6_2pp
1,GAMAN6Ptex,3.662109293145477e-06,2.0823636077693664e-05,GAMAN6Ptex
2,GALCTNLt2pp,22.16944802158431,0.0,GALCTNLt2pp
3,GALCTt2rpp,13.615136463013714,0.0,GALCTt2rpp
4,GAMptspp,-2.353984028747405,0.5327996015548706,GAMptspp
5,GALCTNLtex,6.103515488575795e-07,6.072922133171232e-06,GALCTNLtex
6,GAMtex,-1.0681152389224735e-06,1.0406226465420332e-05,GAMtex
7,GALCTNt2pp,22.16944802158431,0.0,GALCTNt2pp
8,GALCTNtex,-6.103515488575795e-07,6.072922133171232e-06,GALCTNtex
9,GAPD,2.142468907049616,0.6437045452530418,GAPD
10,GALCTtex,0.0,0.0,GALCTtex
11,DDGLCNt2rpp,16.464237146809893,1.3634221132622484e-05,DDGLCNt2rpp
12,GALKr,-20.244395670323343,0.5740040400021663,GALKr
13,GARFT,-11.12911056071773,3.9204059344064186,GARFT
14,GALt2pp,25.02123528950549,1.6991468392425605e-05,GALt2pp
15,GALtex,1.5258789289873675e-06,1.2489858818298671e-05,GALtex
16,DDGLCNtex,2.441406195430318e-06,1.914598215080332e-05,DDGLCNtex
17,DDGLK,-26.89348761984355,0.4125873785131541,DDGLK
18,GALTtex,3.0517577442878974e-07,1.6988726201816462e-05,GALTtex
19,DDPA,-70.99063026560965,1.398221731185913,DDPA
20,GALURt2rpp,16.464101560055546,0.0,GALURt2rpp
21,GART,-21.06844163441852,4.254186058627593,GART
22,GALURtex,0.0,0.0,GALURtex
23,DGK1,-0.5764199656786602,0.1503394693136215,DGK1
24,DGMPtex,6.103515488575795e-07,1.0553964784776326e-05,DGMPtex
25,DGSNt2pp,27.870403071363715,1.131519204190821e-05,DGSNt2pp
26,GBBTNtex,9.155273232863692e-07,1.0965115507133303e-05,GBBTNtex
27,DGSNtex,3.0517577442878974e-07,9.645678801462054e-06,DGSNtex
28,DHAD1,-27.90441995044439,5.043393135070801,DHAD1
29,DHAD2,-29.688412412115674,4.6623077392578125,DHAD2
30,DHAtex,6.103515488575795e-07,6.0729216784238815e-06,DHAtex
31,DHAtpp,17.11483549269088,6.823937837907579e-06,DHAtpp
32,GDPDPK,-14.406890718886151,1.7680888396252936,GDPDPK
33,GDPtex,-2.441406195430318e-06,1.7089843822759576e-05,GDPtex
34,EX_cys__L_e,,,EX_cys__L_e
35,GF6PTA,-19.46554019719544,2.3243730068206787,GF6PTA
36,EX_cytd_e,,,EX_cytd_e
37,GHMT2r,-6.685556521306317,0.734713613986969,GHMT2r
38,EX_dad_2_e,,,EX_dad_2_e
39,GK1,-0.572338635357525,0.1503039747476577,GK1
40,EX_ala__D_e,,,EX_ala__D_e
41,EX_damp_e,,,EX_damp_e
42,GLBRAN2,-6.10351571594947e-06,6.769126048311591e-05,GLBRAN2
43,EX_15dap_e,,,EX_15dap_e
44,EX_dca_e,,,EX_dca_e
45,GLCabcpp,-3.346900282897174,0.3305099779260229,GLCabcpp
46,EX_dcmp_e,,,EX_dcmp_e
47,EX_dcyt_e,,,EX_dcyt_e
48,EX_ddca_e,,,EX_ddca_e
49,GLCNt2rpp,22.16944802158431,8.631674575031098e-06,GLCNt2rpp
50,EX_2ddglcn_e,,,EX_2ddglcn_e
51,GLCNtex,0.0,8.631674063508399e-06,GLCNtex
52,EX_dgmp_e,,,EX_dgmp_e
53,EX_dgsn_e,,,EX_dgsn_e
54,GLCP,,,GLCP
55,EX_dha_e,,,EX_dha_e
56,GLCP2,,,GLCP2
57,EX_dimp_e,,,EX_dimp_e
58,EX_din_e,,,EX_din_e
59,GLCptspp,-7.597676394102805,0.5327876210212708,GLCptspp
60,GLCRt2rpp,13.615136463013714,0.0,GLCRt2rpp
61,GLCRtex,0.0,0.0,GLCRtex
62,GLCS1,,,GLCS1
63,GLCt2pp,25.021240172317995,1.352448718637716e-05,GLCt2pp
64,GLCtex_copy1,-2.136230477844947e-06,1.84397904376965e-05,GLCtex_copy1
65,GLCtex_copy2,-2.136230477844947e-06,1.84397904376965e-05,GLCtex_copy2
66,GLCUR1Ptex,0.0,0.0,GLCUR1Ptex
67,EX_lac__D_e,,,EX_lac__D_e
68,GLCURt2rpp,16.464101560055546,0.0,GLCURt2rpp
69,GLCURtex,0.0,0.0,GLCURtex
70,GLDBRAN2,6.10351571594947e-06,6.769126048311591e-05,GLDBRAN2
71,GLGC,8.79344658846722,0.1503377611659943,GLGC
72,GLNabcpp,-9.077640928133128,0.3305113796883696,GLNabcpp
73,EX_cys__D_e,,,EX_cys__D_e
74,12PPDRtex,4.577636616431846e-07,7.137256488931598e-06,12PPDRtex
75,EX_dmso_e,,,EX_dmso_e
76,EX_dms_e,,,EX_dms_e
77,EX_dopa_e,,,EX_dopa_e
78,12PPDRtpp,22.819782294275083,6.4425203163409606e-06,12PPDRtpp
79,12PPDStex,-5.531310875994677e-07,3.1258996386895888e-06,12PPDStex
80,12PPDStpp,22.819782885553163,4.167633051110897e-06,12PPDStpp
81,14GLUCANabcpp,,,14GLUCANabcpp
82,14GLUCANtexi,,,14GLUCANtexi
83,23CAMPtex,-6.103515488575795e-07,2.1570554963545877e-05,23CAMPtex
84,5DGLCNtex,0.0,0.0,5DGLCNtex
85,2AGPG180tipp,136.9187210628122,4.300272485124879e-05,2AGPG180tipp
86,23CCMPtex,2.441406195430318e-06,2.100177334796172e-05,23CCMPtex
87,2AGPG181tipp,131.21378139737732,3.208847192581743e-05,2AGPG181tipp
88,2AGPGAT120,,,2AGPGAT120
89,5DOAN,-2.3913165904455145,1.630799651145935,5DOAN
90,2AGPGAT140,,,2AGPGAT140
91,2AGPGAT141,,,2AGPGAT141
92,AACPS1,,,AACPS1
93,23CGMPtex,6.103515488575795e-07,1.3634222341352142e-05,23CGMPtex
94,AACPS2,,,AACPS2
95,2AGPGAT160,-21.00849075553038,2.2059950828552246,2AGPGAT160
96,2AGPGAT161,,,2AGPGAT161
97,AACPS3,,,AACPS3
98,AACPS4,,,AACPS4
99,AACPS5,,,AACPS5
100,AACPS6,,,AACPS6
101,2AGPGAT180,-21.00848121878702,2.206019878387451,2AGPGAT180
102,2AGPGAT181,,,2AGPGAT181
103,AACPS7,,,AACPS7
104,23CUMPtex,-2.441406195430318e-06,2.429168671369553e-05,23CUMPtex
105,AACPS8,,,AACPS8
106,AACPS9,,,AACPS9
107,23DAPPAt2pp,14.12233279756983,4.2724609375e-06,23DAPPAt2pp
108,AADDGT,-25.61603107686197,1.1706419644110522,AADDGT
109,2DGLCNRx,-24.37088388996716,1.4636365255606634,2DGLCNRx
110,AAMYLpp,,,AAMYLpp
111,2DGLCNRy,-24.370742105879955,1.4636315773499784,2DGLCNRy
112,ABTA,0.7481410543464886,1.5526481866836548,ABTA
113,23DAPPAtex,0.0,6.10351571594947e-06,23DAPPAtex
114,ABUTt2pp,16.46650676092156,6.105780181398036e-06,ABUTt2pp
115,ABUTtex,3.8146971803598724e-08,5.970824076939607e-06,ABUTtex
116,ACACt2pp,5.056007235449555,5.980199567341743e-06,ACACt2pp
117,2DGULRx,,,2DGULRx
118,2DGULRy,,,2DGULRy
119,23PDE2pp,-33.19601669311523,2.626504515846626,23PDE2pp
120,34dhpactex,3.8146971803598724e-08,1.5723771866760217e-06,34dhpactex
121,3AMPtex,-1.8310546465727384e-06,2.5098735932260752e-05,3AMPtex
122,ACACtex,0.0,7.475249276467366e-06,ACACtex
123,ACALD,-15.050100939100474,1.046150854232205,ACALD
124,ACALDtex,0.0,0.0,ACALDtex
125,3CMPtex,2.441406195430318e-06,2.2706391973770224e-05,3CMPtex
126,3GMPtex,6.103515488575795e-07,2.023386514338199e-05,3GMPtex
127,ACALDtpp,11.409891688812849,0.0,ACALDtpp
128,23PDE4pp,-33.19600875854492,2.626507704336557,23PDE4pp
129,ACCOAC,-11.506240702720673,2.10468868019854,ACCOAC
130,ACGAL1Ptex,4.882812390860636e-06,3.829196430160664e-05,ACGAL1Ptex
131,ACGALtex,6.103515488575795e-07,1.2933118341607042e-05,ACGALtex
132,ACGAM1Ptex,0.0,3.4526696254033595e-05,ACGAM1Ptex
133,ACGAMK,-27.18037677617104,0.4125684232410608,ACGAMK
134,3HAD100,-0.4139042967767636,2.662816047668457,3HAD100
135,3HAD120,-0.413915293833611,2.6628012657165527,3HAD120
136,3HAD121,11.70675903235056,3.8664300441741934,3HAD121
137,3HAD140,-0.4139098102063201,2.662799596786499,3HAD140
138,3HAD141,,,3HAD141
139,3HAD160,-0.4139030748815742,2.6628198623657227,3HAD160
140,ACGAMT,-0.5047336243574705,0.000277623446891,ACGAMT
141,ACGAptspp,0.9600386266858648,0.5327913761138916,ACGAptspp
142,23PDE7pp,-33.19602066040039,2.6265129172035606,23PDE7pp
143,ACGAtex,4.272460955689894e-06,1.6159914594027214e-05,ACGAtex
144,ACGK,15.51424171771376,0.960875391960144,ACGK
145,ACGS,-39.843575956424985,1.509913624553878,ACGS
146,3HAD161,,,3HAD161
147,3HAD180,-0.4138994091959347,2.66280460357666,3HAD180
148,3HAD181,,,3HAD181
149,3HAD40,,,3HAD40
150,ACHBS,-16.81428643937275,5.047435719456503,ACHBS
151,ACKr,15.307386950090802,0.7306289672851562,ACKr
152,3HAD60,-0.0333665820214825,2.68017578125,3HAD60
153,ACLS,-20.854706434789463,4.534312634734765,ACLS
154,23PDE9pp,-33.19602767944336,2.6265165539460056,23PDE9pp
155,3HAD80,-0.4139039987534616,2.6628124713897705,3HAD80
156,3KGK_copy1,-26.915213335781985,0.4125892516974214,3KGK_copy1
157,ACMAMUT,-22.87422993901833,1.2965554172048193,ACMAMUT
158,26DAHtex,6.103515488575795e-07,2.02338687813608e-05,26DAHtex
159,ACMANAptspp,0.9600386266858648,0.5327890515327454,ACMANAptspp
160,3KGK_copy2,-26.915213335781985,0.4125892516974214,3KGK_copy2
161,ACMANAtex,1.220703097715159e-06,1.4900580936227923e-05,ACMANAtex
162,ACMUMtex,6.103515488575795e-07,1.6704019799362868e-05,ACMUMtex
163,ACNAMt2pp,42.13609018535856,1.722013669392808e-05,ACNAMt2pp
164,3NTD4pp,-23.91606903076172,1.8800592422485352,3NTD4pp
165,3NTD7pp,-23.916065216064453,1.880065441131592,3NTD7pp
166,3NTD9pp,-23.916059494018555,1.8800770044326784,3NTD9pp
167,3OAR100,-19.44028699448779,1.379819349060068,3OAR100
168,ACNAMtex,-1.8310546465727384e-06,1.8218766854261048e-05,ACNAMtex
169,ACNML,6.786896094345435,0.8650616407394409,ACNML
170,ACOAD1f,40.49004040559379,5.548439979553223,ACOAD1f
171,3OAR120,-19.44029614976135,1.3798183295444069,3OAR120
172,2AGPA120tipp,,,2AGPA120tipp
173,3OAR121,-26.193328949558527,2.0072094768940154,3OAR121
174,3OAR140,-19.440288825542584,1.379810821380229,3OAR140
175,3OAR141,,,3OAR141
176,ACOAD2f,,,ACOAD2f
177,ACOAD3f,40.84518872102325,5.490772247314453,ACOAD3f
178,ACOAD4f,40.84518490632621,5.490810871124268,ACOAD4f
179,3OAR160,-19.440290046245597,1.3798123938174895,3OAR160
180,2AGPA140tipp,,,2AGPA140tipp
181,3OAR161,-29.403058825317437,2.694108573892085,3OAR161
182,ACOAD5f,40.84518872102345,5.490813732147217,ACOAD5f
183,ACOAD6f,40.845215423904335,5.49081563949585,ACOAD6f
184,ACOAD7f,40.84517727693165,5.490797519683838,ACOAD7f
185,3OAR180,,,3OAR180
186,2AGPA141tipp,,,2AGPA141tipp
187,3OAR181,,,3OAR181
188,3OAR40,,,3OAR40
189,ACOAD8f,40.84519253572074,5.490786552429199,ACOAD8f
190,ACOATA,-2.0043615805775943,1.5570611953735352,ACOATA
191,ACODA,-2.070270258393883,1.4163662195205688,ACODA
192,3OAR60,-19.82083109487574,1.4354782543624638,3OAR60
193,2AGPA160tipp,105.8691070789058,2.8523732908070087e-05,2AGPA160tipp
194,3OAR80,-19.440293555797098,1.3798143173594806,3OAR80
195,3OAS100,,,3OAS100
196,3OAS120,,,3OAS120
197,3OAS121,17.456062689540687,3.883446255795377,3OAS121
198,3OAS140,,,3OAS140
199,3OAS141,20.49172104275416,3.49899982419566,3OAS141
200,3OAS160,,,3OAS160
201,3OAS161,,,3OAS161
202,3OAS180,,,3OAS180
203,3OAS181,,,3OAS181
204,3OAS60,,,3OAS60
205,3OAS80,,,3OAS80
206,3PEPTabcpp,,,3PEPTabcpp
207,3PEPTtex,,,3PEPTtex
208,3UMPtex,-4.882812390860636e-06,3.829196430160664e-05,3UMPtex
209,4HOXPACDtex,-1.525878872143949e-07,1.518230533292808e-06,4HOXPACDtex
210,4HTHRS,-10.780276423284011,0.4067408144474029,4HTHRS
211,ACOLIPAtex,0.0,0.0,ACOLIPAtex
212,ACONMT,-12.086561183156896,31.02399063110352,ACONMT
213,ACONTa,8.235922804770151,0.9688131213188172,ACONTa
214,ACONTb,-0.4869719073969136,0.9837864637374878,ACONTb
215,ACOTA,2.570420980636083,1.7711631059646606,ACOTA
216,ACPS1,,,ACPS1
217,ACS,-5.873265957425367,0.4244676530361175,ACS
218,ACSERtex,0.0,0.0,ACSERtex
219,ACSERtpp,-25.54414999427732,3.036461066585616e-06,ACSERtpp
220,ACt4pp,-6.349566249045521,9.718124601931775e-06,ACt4pp
221,ACtex,0.0,0.0,ACtex
222,ADCL,-189.77796107312065,8.444754313215116,ADCL
223,ADCS,-20.956313370140403,2.2159695625305176,ADCS
224,ADEt2rpp,5.059337672449839,0.0,ADEt2rpp
225,ADEtex,0.0,0.0,ADEtex
226,ADK3,-0.5743916172635153,0.1503099352121353,ADK3
227,ADK4,-0.5745270576717942,0.150330513715744,ADK4
228,ADMDC,-20.867107879819,4.61929782627459,ADMDC
229,ADNCYC,1.3042615245032465,2.087127447128296,ADNCYC
230,ADNK1,-27.17514784763724,0.4125748951360357,ADNK1
231,ADNt2pp,27.879543146682565,1.803121490078424e-05,ADNt2pp
232,ADNtex,-3.0517577442878974e-07,1.3981581105326768e-05,ADNtex
233,ADOCBLabcpp,253.18313486762747,0.3305066062297971,ADOCBLabcpp
234,4PEPTabcpp,47.51434419782802,0.330510726334818,4PEPTabcpp
235,4PEPTtex,-2.746582140389364e-06,2.3676211640122347e-05,4PEPTtex
236,5DGLCNR,-23.346317103056204,0.931957813267416,5DGLCNR
237,5DGLCNt2rpp,16.464357252169336,0.0,5DGLCNt2rpp
238,EX_ser__D_e,,,EX_ser__D_e
239,AMALT2,-1.9025329436317408e-06,0.0001153612902271,AMALT2
240,AMALT3,1.1944202896074785e-05,0.0002444425481371,AMALT3
241,AMALT4,-2.1546842845054925e-05,0.0002158781717298,AMALT4
242,AMANAPEr,0.0,3.4526696254033595e-05,AMANAPEr
243,ADOCBLtonex,-9.20816428457775,9.991885707852113e-05,ADOCBLtonex
244,ADPRDP,-56.65138706229009,0.6906041107855622,ADPRDP
245,ADPT,-19.592149929804165,0.6104049682617188,ADPT
246,ADSK,-14.49349962884871,1.7680849734465247,ADSK
247,AMANK,-27.18037616581948,0.4125689094924763,AMANK
248,2AGPA161tipp,,,2AGPA161tipp
249,AMAOTr,2.536459749839473,6.139473915100098,AMAOTr
250,AMMQLT8,-75.64158429123452,29.8311924129644,AMMQLT8
251,AMPMS2,-198.08023086864185,14.243148188257583,AMPMS2
252,AMPN,-8.082833730131163,0.7177079916000366,AMPN
253,AMPTASECG,3.3673619619292694,2.543766498565674,AMPTASECG
254,AMPTASEPG,-11.67736018677953,30.19753074645996,AMPTASEPG
255,ADSL1r,10.98515123849845,1.0199989080429075,ADSL1r
256,ADSL2r,25.0788166122336,2.718246936798096,ADSL2r
257,ADSS,-25.32900065644423,1.0285795402052371,ADSS
258,AGDC,10.258327590341736,4.223571300506592,AGDC
259,AGM3PA,,,AGM3PA
260,AGM3PApp,,,AGM3PApp
261,AGM3PH,44.32722864794222,11.32149887084961,AGM3PH
262,AGM3Pt2pp,139.10290827658966,2.772064675138788e-05,AGM3Pt2pp
263,AGM4PA,,,AGM4PA
264,AGM4PApp,,,AGM4PApp
265,AGM4PH,,,AGM4PH
266,AGM4Pt2pp,,,AGM4Pt2pp
267,AMPtex,6.103515488575795e-07,1.830037035688292e-05,AMPtex
268,ANHGMtex,1.5258789289873675e-06,1.995345337491017e-05,ANHGMtex
269,ANHMK,-21.62966831816684,9.972546645389482,ANHMK
270,ANPRT,-28.858175272764463,5.503787517547607,ANPRT
271,ANS,-211.66601572440675,8.1788329535028,ANS
272,AOXSr,8.60551926509902,3.315140223014549,AOXSr
273,AP4AH,-57.80660479851628,0.6570489229048273,AP4AH
274,AGMH,-10.43383039117966,1.573972225189209,AGMH
275,AGMHE,3.662109293145477e-06,4.386046202853322e-05,AGMHE
276,AGMt2pp,73.51218397177355,2.1998072864917115e-05,AGMt2pp
277,AGMtex,-1.8310546465727384e-06,1.821876321628224e-05,AGMtex
278,AP5AH,-57.81092863562782,0.6570511624984086,AP5AH
279,2AGPA180tipp,117.2790005997748,3.142569403280504e-05,2AGPA180tipp
280,APRAUR,-44.39561270538407,4.873137419865811,APRAUR
281,ARAI,-8.360385736318406,1.0771100521087646,ARAI
282,ARBabcpp,-9.051590067960618,0.3305117996823082,ARBabcpp
283,AGPAT120,,,AGPAT120
284,AGPAT140,,,AGPAT140
285,AGPAT141,-6.693403174372605,3.6559901237487793,AGPAT141
286,ARBtex,0.0,4.315837031754199e-06,ARBtex
287,2AGPA181tipp,,,2AGPA181tipp
288,ARGabcpp,5.170872151117617,0.3305107672835005,ARGabcpp
289,AGPAT160,,,AGPAT160
290,AGPAT161,,,AGPAT161
291,AGPAT180,,,AGPAT180
292,ARGAGMt7pp,-2.8834051277373973,3.265665873186663e-05,ARGAGMt7pp
293,ARGDCpp,-21.458306884765623,2.19067566801313,ARGDCpp
294,AGPAT181,,,AGPAT181
295,2AGPE120tipp,102.6836332656464,2.199807386205066e-05,2AGPE120tipp
296,AGPR,2.5558503892438167,1.6299941334922134,AGPR
297,AHCYSNS,-8.077579367465603,0.7177076935768127,AHCYSNS
298,AICART,4.957061592485097,2.361483335494995,AICART
299,AIRC2,-32.37933650484051,5.350120776376,AIRC2
300,AIRC3,3.962913425911907,6.23668384552002,AIRC3
301,ARGORNt7pp,5.687402272012847,1.6645373762003146e-05,ARGORNt7pp
302,ARGSL,21.23832366092343,2.5857341289520264,ARGSL
303,ARGSS,-13.68203121036839,1.6645263514541324,ARGSS
304,ARGt3pp,-51.95531676142578,1.0793908193254025e-05,ARGt3pp
305,ARGtex,2.746582140389364e-06,1.2279298061912414e-05,ARGtex
306,ARGTRS,,,ARGTRS
307,ASAD,2.571158506969969,1.6676616142166425,ASAD
308,AKGDH,-20.150560533353826,2.317591667175293,AKGDH
309,AKGt2rpp,2.203062795604632,8.631674575031098e-06,AKGt2rpp
310,AKGtex,3.051757857974735e-06,1.3302304068929516e-05,AKGtex
311,ALAALAabcpp,-3.550059825506217,0.3305120409004207,ALAALAabcpp
312,ASCBptspp,-21.604879765080437,0.5327864289283752,ASCBptspp
313,ASCBtex,-6.103515488575795e-07,1.0553964784776326e-05,ASCBtex
314,ALAALAr,-38.68207873711085,2.879522624205141,ALAALAr
315,2AGPE140tipp,114.093524039933,2.9705692213610743e-05,2AGPE140tipp
316,ALAALAtex,-1.373291070194682e-06,9.673397471487988e-06,ALAALAtex
317,ALAR,6.866455350973411e-07,5.718992724723648e-06,ALAR
318,ALAt2pp,10.741289426178923,6.381385396217798e-06,ALAt2pp
319,ASNNpp,-12.365398406982422,1.026664137840271,ASNNpp
320,ASNS1,-47.39792015778537,0.9287749146256896,ASNS1
321,ASNS2,-35.60952114911893,1.0859498400810352,ASNS2
322,ASNt2rpp,13.42668538357413,4.034211446045618e-06,ASNt2rpp
323,ALATA_D2,3.965923607262857,2.832899332046509,ALATA_D2
324,ASNtex,-1.525878872143949e-07,1.1107517821073998e-05,ASNtex
325,ALATA_L2,3.965925991448648,2.83289647102356,ALATA_L2
326,ASNTRS,,,ASNTRS
327,2AGPE141tipp,108.38858646921749,3.1205618142848834e-05,2AGPE141tipp
328,ASO3t8pp,-44.09566834478676,0.3305114139054129,ASO3t8pp
329,ASO3tex,0.0,0.0,ASO3tex
330,ASP1DC,-10.275063016042312,2.546886147215615,ASP1DC
331,ASPabcpp,-20.4734218374588,0.3305116596583496,ASPabcpp
332,ASPCT,-33.73392206346173,1.8382163997138037,ASPCT
333,ASPK,15.42525095478787,0.960912585258484,ASPK
334,ALAtex,0.0,4.315837031754199e-06,ALAtex
335,ALATRS,,,ALATRS
336,ALCD19,-26.85486701385482,0.9018330641890684,ALCD19
337,ALCD2x,20.032097739490624,0.855804018340107,ALCD2x
338,ALLabcpp,-3.3469039450065488,0.3305086665345847,ALLabcpp
339,ALLPI,0.2607134092570646,0.1824344396591186,ALLPI
340,ALLTAMH,-3.059995661590346,3.869816185420488,ALLTAMH
341,ASPO3,-29.844568732159,26.85777395819581,ASPO3
342,ASPO4,-6.102716837934426,24.051595377071784,ASPO4
343,ASPO5,-21.89894085455095,8.058079380445857,ASPO5
344,ALLtex,-2.136230477844947e-06,1.685664574324619e-05,ALLtex
345,ASPO6,-92.43627009669969,9.272775163858018,ASPO6
346,ALLTNt2rpp,7.415239377076004,3.40855528315562e-06,ALLTNt2rpp
347,2AGPE160tipp,125.50340871070404,2.992590270878281e-05,2AGPE160tipp
348,ALLTNtex,-1.525878872143949e-07,3.40855535796436e-06,ALLTNtex
349,ALPATE160pp,,,ALPATE160pp
350,ALPATG160pp,,,ALPATG160pp
351,ASPT,12.49679149130808,0.4015115797519684,ASPT
352,ASPt2_2pp,-1.3134334597901365,3.03646068452948e-06,ASPt2_2pp
353,ASPt2_3pp,-10.521585537336634,3.03646068452948e-06,ASPt2_3pp
354,ASPt2pp,7.894718617756363,3.03646068452948e-06,ASPt2pp
355,ALR2,-20.306789959842632,3.333697304804012,ALR2
356,ALTRH,-39.65666373449462,1.5208808183670044,ALTRH
357,AM3PA,,,AM3PA
358,ASPTA,3.63800504869765,0.4524424970149994,ASPTA
359,AM4PA,,,AM4PA
360,2AGPE161tipp,,,2AGPE161tipp
361,AMALT1,1.6202164871970126e-05,0.000112536647066,AMALT1
362,ASPtex,0.0,4.315837031754199e-06,ASPtex
363,ASPTRS,,,ASPTRS
364,ASR,26.192298372934765,22.439966201782227,ASR
365,AST,-43.346129373784606,1.3632359653325516,AST
366,2AGPE180tipp,136.91330894544018,3.860202195937745e-05,2AGPE180tipp
367,ATPPRT,-17.952431746894753,16.874826431274414,ATPPRT
368,COLIPAabcpp,-911.1400038708954,0.3305144190399547,COLIPAabcpp
369,ATPS4rpp,0.7436842225756735,0.3305114139054129,ATPS4rpp
370,BALAt2pp,10.758546141965406,8.718565500522266e-06,BALAt2pp
371,COLIPAtex,4.882812390860636e-06,0.0001243919978151,COLIPAtex
372,2AGPE181tipp,131.20837167990047,3.771853880607523e-05,2AGPE181tipp
373,CPGNabcpp,121.97933850513938,0.3305026305126783,CPGNabcpp
374,BALAtex,1.2969970839549203e-06,6.567929631273728e-06,BALAtex
375,BETALDHx,-35.38373965341825,5.258553776304248,BETALDHx
376,2AGPEAT120,,,2AGPEAT120
377,BETALDHy,-35.38388143750546,5.258556696107338,BETALDHy
378,BSORx,-114.98755835460337,31.48095565000179,BSORx
379,CPGNtonex,-9.208163674226189,4.9355519713242254e-05,CPGNtonex
380,CPPPGO,-337.973567401832,8.958355708402587,CPPPGO
381,BSORy,-114.98741657051616,31.48095774638016,BSORy
382,BTS4,-45.23510650677823,30.750171406756547,BTS4
383,CPPPGO2,-77.6137186000677,58.86856460571289,CPPPGO2
384,2AGPEAT140,,,2AGPEAT140
385,CRNabcpp,-6.84716748455326,0.3305127230762224,CRNabcpp
386,CRNDabcpp,5.2134576680346285,0.3305094314318739,CRNDabcpp
387,CRNDt2rpp,33.5815981232498,1.5894795734101584e-05,CRNDt2rpp
388,CRNt2rpp,21.5209729706619,1.2889838917201462e-05,CRNt2rpp
389,BUTSO3abcpp,,,BUTSO3abcpp
390,BUTSO3tex,,,BUTSO3tex
391,BUTt2rpp,,,BUTt2rpp
392,BUTtex,,,BUTtex
393,CRNtex,1.5258789289873675e-06,1.000585689325817e-05,CRNtex
394,CS,-47.97774451435371,0.4836003552947056,CS
395,CSND,-10.596768122192527,1.6584543735059312,CSND
396,CSNt2pp,5.056604670283873,0.0,CSNt2pp
397,CA2t3pp,17.765362437985914,0.0,CA2t3pp
398,CA2tex,0.0,0.0,CA2tex
399,CAT,-183.44852725653956,7.2573161125183105,CAT
400,CSNtex,-1.525878872143949e-07,1.518230533292808e-06,CSNtex
401,CAt6pp,12.060624542236338,7.970435945026111e-06,CAt6pp
402,CTBTabcpp,-0.4889038633639551,0.3305107284752406,CTBTabcpp
403,2AGPEAT141,,,2AGPEAT141
404,CTBTt2rpp,27.87923659185121,1.0553965128046011e-05,CTBTt2rpp
405,CTPS2,-39.30819987372614,1.4522476995605604,CTPS2
406,CU1abcpp,-22.66340301722925,0.3305114139054129,CU1abcpp
407,CBIAT,-82.67739100012261,38.238074374264535,CBIAT
408,CBItonex,-9.2081423119215,7.65839215886627e-05,CBItonex
409,CBIuabcpp,175.74677054290146,0.3305017931550246,CBIuabcpp
410,CBL1abcpp,219.0460176362404,0.3305141438785711,CBL1abcpp
411,CBL1tonex,-9.208149636140249,8.799229145966845e-05,CBL1tonex
412,CU2abcpp,-37.57629253276166,0.3305114139054129,CU2abcpp
413,CU2tex,0.0,0.0,CU2tex
414,2AGPEAT160,-21.454716873127644,39.93136215209961,2AGPEAT160
415,CUtex,0.0,0.0,CUtex
416,CYANST,-25.313840345909327,31.97777143636414,CYANST
417,CBLAT,-77.22240495241519,11.45170256322498,CBLAT
418,CBPS,-36.43198932702919,2.4692463930377326,CBPS
419,CD2abcpp,-37.57629253276166,0.3305114139054129,CD2abcpp
420,CYANtex,0.0,0.0,CYANtex
421,CYNTt2pp,-9.208152068897643,0.0,CYNTt2pp
422,2AGPEAT161,,,2AGPEAT161
423,CYNTtex,0.0,0.0,CYNTtex
424,CYSabc2pp,-57.15722668620152,0.3305115189106092,CYSabc2pp
425,CD2t3pp,-9.2081520775465,0.0,CD2t3pp
426,CD2tex,0.0,0.0,CD2tex
427,CDAPPA120,-56.59777316967092,0.6906106779715787,CDAPPA120
428,CDAPPA140,-56.59783878246434,0.6906440395947745,CDAPPA140
429,CDAPPA141,-56.59780216137062,0.6906282272080573,CDAPPA141
430,CDAPPA160,,,CDAPPA160
431,CDAPPA161,-56.59783115306981,0.6906361061199983,CDAPPA161
432,CDAPPA180,-56.59780307689751,0.6906198249198453,CDAPPA180
433,CYSabcpp,-17.995358379321814,0.3305113091996474,CYSabcpp
434,CYSDabcpp,-17.995356853442907,0.3305115188632699,CYSDabcpp
435,CYSDDS,-1.012063728943012,2.302540779113769,CYSDDS
436,CYSDS,-1.0120634309197882,2.3025405406951904,CYSDS
437,CYSDtex,1.220703097715159e-06,9.8131940831081e-06,CYSDtex
438,CYSS,-57.8651438478553,2.909503180355117,CYSS
439,CYSSADS,43.21555320108597,19.570615894985146,CYSSADS
440,CDAPPA181,-56.59780429760061,0.6906528883917292,CDAPPA181
441,CDPMEK,-15.497654817054055,3.924329165124033,CDPMEK
442,CFAS160E,,,CFAS160E
443,CYStex,1.5258789289873675e-06,9.770391443453263e-06,CYStex
444,CYStpp,-19.58093415343985,9.94868423731532e-06,CYStpp
445,CFAS160G,,,CFAS160G
446,2AGPEAT180,-20.56223793025635,40.84991455078125,2AGPEAT180
447,CFAS180E,,,CFAS180E
448,CFAS180G,,,CFAS180G
449,CYSTRS,,,CYSTRS
450,CYTBD2pp,-159.64150919857866,23.38189648813552,CYTBD2pp
451,CYTBDpp,-135.89965730435406,26.2898031587098,CYTBDpp
452,CYTBO3_4pp,-117.48335314926106,26.2898031587098,CYTBO3_4pp
453,CGLYabcpp,-9.895293900628658,0.3305108529186986,CGLYabcpp
454,CGLYtex,-6.866455350973411e-07,9.776050319487696e-06,CGLYtex
455,2AGPEAT181,-15.937199093574527,2.8197484016418457,2AGPEAT181
456,CHLt2pp,18.66584569597488,1.914598039716568e-05,CHLt2pp
457,CHLtex,-4.272460955689894e-06,2.324950764887035e-05,CHLtex
458,CYTD,-10.044785209216013,0.922962472323924,CYTD
459,CYTDK2,-27.178971693162943,0.4125566389034342,CYTDK2
460,CYTDt2pp_copy1,27.87398525196457,1.1154581837461586e-05,CYTDt2pp_copy1
461,CYTDt2pp_copy2,27.87398525196457,1.1154581837461586e-05,CYTDt2pp_copy2
462,CYTDtex,-3.051757857974735e-06,1.3302303159434814e-05,CYTDtex
463,CYTK1,-0.5716314841541035,0.1503146737813949,CYTK1
464,DAAD,24.79906026471202,5.240168571472168,DAAD
465,CHORM,-42.84954093348304,12.409130096435549,CHORM
466,CHORS,-29.63777744387589,5.1584954261779785,CHORS
467,CHRPL,-184.77064973468435,7.456297874450684,CHRPL
468,CITt7pp,3.004305857101615,4.268535121809691e-05,CITt7pp
469,CITtex,-6.103515488575795e-07,6.0729216784238815e-06,CITtex
470,CLPNS120pp,6.561279406014364e-06,0.0002457115624565,CLPNS120pp
471,CLPNS140pp,5.294799848343246e-05,0.0004758220748044,CLPNS140pp
472,CLPNS141pp,-0.000103302001662,0.0004534446634352,CLPNS141pp
473,DADK_copy1,-0.578684947762163,0.1503151804208755,DADK_copy1
474,DADNt2pp,27.879818057734774,1.9953455857272368e-05,DADNt2pp
475,DADNtex,1.8310546465727384e-06,1.6044235962908715e-05,DADNtex
476,CLPNS160pp,-4.104614345123992e-05,0.0005037004011683,CLPNS160pp
477,DAGK120,-26.344215372995667,0.5684072775337176,DAGK120
478,2AGPG120tipp,,,2AGPG120tipp
479,DAGK140,,,DAGK140
480,DAGK141,-26.34421659369885,0.5684083456968756,DAGK141
481,CLPNS161pp,-5.081176641397178e-05,0.0004945921828038,CLPNS161pp
482,CLPNS180pp,-7.034301961539313e-05,0.0005790620343759,CLPNS180pp
483,CLPNS181pp,,,CLPNS181pp
484,DAGK160,-26.344234293893702,0.5683689267788028,DAGK160
485,DAGK161,-26.344239176706605,0.5683945055968426,DAGK161
486,2AGPG140tipp,114.09893219002004,3.1661897082813084e-05,2AGPG140tipp
487,DAGK180,-26.34420987983163,0.5683947480864335,DAGK180
488,CLt3_2pp,9.208152077546556,0.0,CLt3_2pp
489,CLtex,0.0,0.0,CLtex
490,CMPtex,1.8310546465727384e-06,1.6044235962908715e-05,CMPtex
491,DAGK181,-26.344235514596804,0.5683959439969916,DAGK181
492,DALAt2pp,10.74128965506076,7.817430728381893e-06,DALAt2pp
493,2AGPG141tipp,108.39399374528828,2.1998072043061256e-05,2AGPG141tipp
494,DALAtex,5.340576194612368e-07,7.495078989450121e-06,DALAtex
495,DAMPtex,-3.0517577442878974e-07,1.905577664729208e-05,DAMPtex
496,DAPDC,-9.379951394446316,2.1906766254353625,DAPDC
497,DAPE,3.662109293145477e-06,1.5123916455195284e-05,DAPE
498,DAPtex,-6.103515488575795e-07,1.0553964784776326e-05,DAPtex
499,DB4PS,-107.51116258246016,2.1529081295974684,DB4PS
500,CO2tex,0.0,0.0,CO2tex
501,CO2tpp,0.0,0.0,CO2tpp
502,COBALT2abcpp,-10.602778017229252,0.3305114139054129,COBALT2abcpp
503,COBALT2t3pp,17.765362437985914,0.0,COBALT2t3pp
504,COBALT2tex,0.0,0.0,COBALT2tex
505,COBALT2tpp,-26.97351451553241,0.0,COBALT2tpp
506,DCAtex,,,DCAtex
507,2AGPG160tipp,125.50882510053712,3.505671338643879e-05,2AGPG160tipp
508,DCMPtex,-6.103515488575795e-07,2.02338687813608e-05,DCMPtex
509,DCTPD,-10.048464533005992,0.9229439083587128,DCTPD
510,DCYTD,-10.03859184432362,0.922964917901246,DCYTD
511,DHDPRy,-54.1391325900933,5.79846212496079,DHDPRy
512,DHDPS,-12.970076654524366,7.018446133837669,DHDPS
513,DHFR,-22.739371876920853,1.668440030173471,DHFR
514,DCYTt2pp,27.87399643515513,1.256327558135052e-05,DCYTt2pp
515,2AGPG161tipp,,,2AGPG161tipp
516,DCYTtex,1.8310546465727384e-06,1.281738150282763e-05,DCYTtex
517,DDCAtexi,,,DDCAtexi
518,DHFS,-12.599626883809735,6.0955314200586255,DHFS
519,DHNAOT4,-51.8188846326572,5.638594943570265,DHNAOT4
520,DHNPA2r,12.68919739712429,2.7665891647338867,DHNPA2r
521,FEENTERtonex,-9.208150246491812,1.6044237583123674e-05,FEENTERtonex
522,DHORD2,-62.31873326883047,26.23046875,DHORD2
523,DHORD5,-38.576870083102,23.432292938232425,DHORD5
524,DHORTS,-15.351273278885392,1.2104987076183913,DHORTS
525,DHPPDA2,-4.167908445972534,7.530308613165571,DHPPDA2
526,DHPS2,-45.77941987750973,4.845685958862305,DHPS2
527,DHQS,-68.5991359986065,2.303434133529663,DHQS
528,DIMPtex,-6.103515488575795e-07,1.830037035688292e-05,DIMPtex
529,DINSt2pp,24.96073188654445,1.3540832023085668e-05,DINSt2pp
530,DINStex,-1.0681152389224735e-06,1.2255572983121963e-05,DINStex
531,DKGLCNR1,,,DKGLCNR1
532,ENO,-3.1878348396557863,0.2816460430622101,ENO
533,ETHAt2pp,13.594811573170796,0.0,ETHAt2pp
534,ETHAtex,0.0,0.0,ETHAtex
535,ETHSO3abcpp,-23.313929742970032,0.3305111239268117,ETHSO3abcpp
536,ETHSO3tex,1.5258789289873675e-06,1.0896954336203636e-05,ETHSO3tex
537,ETOHt2rpp,7.906685379042123,7.591151711323699e-07,ETOHt2rpp
538,ETOHtex,0.0,0.0,ETOHtex
539,F6PA,19.839109830623133,1.211146116256714,F6PA
540,F6Ptex,0.0,0.0,F6Ptex
541,FA100ACPHi,,,FA100ACPHi
542,DKGLCNR2x,-19.82984227595473,2.0355186983202427,DKGLCNR2x
543,DKGLCNR2y,-19.829700491867527,2.035535875136892,DKGLCNR2y
544,D_LACt2pp,5.055245707808118,6.072921369058958e-06,D_LACt2pp
545,D_LACtex,0.0,9.650505489844363e-06,D_LACtex
546,DMATT,-69.02103022075418,3.581964492797852,DMATT
547,FA120ACPHi,,,FA120ACPHi
548,FA140ACPHi,,,FA140ACPHi
549,FA141ACPHi,,,FA141ACPHi
550,DMPPS,-68.95930759716344,2.443954208346529,DMPPS
551,FEOXAMtonex,-9.208150856843377,3.450511236597307e-05,FEOXAMtonex
552,DMQMT,-38.52135196369663,31.03305316705269,DMQMT
553,DMSOR1,-80.15560271276436,34.97782516479492,DMSOR1
554,DMSOR1pp,-85.86054801588597,34.97782516479492,DMSOR1pp
555,FA160ACPHi,,,FA160ACPHi
556,FA161ACPHi,,,FA161ACPHi
557,FA80ACPHi,,,FA80ACPHi
558,FACOAE100,,,FACOAE100
559,DMSOR2,-74.37131213165678,33.43366622924805,DMSOR2
560,FACOAE120,,,FACOAE120
561,FLDR,,,FLDR
562,FACOAE140,,,FACOAE140
563,FACOAE141,,,FACOAE141
564,FACOAE160,-39.595495546431295,0.7608487855394594,FACOAE160
565,FACOAE161,,,FACOAE161
566,FACOAE180,-39.59548272904826,0.7608583746790976,FACOAE180
567,FACOAE181,,,FACOAE181
568,DMSOtex,0.0,0.0,DMSOtex
569,DMStex,0.0,0.0,DMStex
570,DNTPPA,-47.68126774349591,0.6570621350446919,DNTPPA
571,DOPAtex,-3.0517577442878974e-07,1.7528356693219393e-05,DOPAtex
572,DPCOAK,-14.488645698006064,1.7680814831060063,DPCOAK
573,DPR,-13.83514182510444,3.119088810112856,DPR
574,DRPA,21.72502815307072,1.843690276145935,DRPA
575,DSBAO1,-5.194913802655009,26.20120620727539,DSBAO1
576,DSBAO2,18.54693793898167,23.251197814941406,DSBAO2
577,DSBCGT,-52.31068801879883,1.479497313499451,DSBCGT
578,FACOAE60,,,FACOAE60
579,FACOAE80,-39.58437528733944,0.760815054055757,FACOAE80
580,FACOAL100t2pp,,,FACOAL100t2pp
581,FACOAL120t2pp,,,FACOAL120t2pp
582,FACOAL140t2pp,,,FACOAL140t2pp
583,DSBDR,-56.53656912616782,1.429345965385437,DSBDR
584,DSERt2pp,10.69001536745412,7.591151711323699e-06,DSERt2pp
585,FACOAL141t2pp,,,FACOAL141t2pp
586,DSERtex,-1.525878872143949e-07,7.316266874113353e-06,DSERtex
587,FLVR,-12.305427981051892,5.162086664748816,FLVR
588,DTMPK,-0.5863690104192258,0.1503039449453354,DTMPK
589,DTMPtex,-2.441406195430318e-06,2.2706393792759627e-05,DTMPtex
590,DUMPtex,-4.882812390860636e-06,2.949962072307244e-05,DUMPtex
591,FACOAL160t2pp,70.95491430264498,0.7962080982937862,FACOAL160t2pp
592,FACOAL161t2pp,,,FACOAL161t2pp
593,FACOAL180t2pp,82.36479195437282,0.7962152592819577,FACOAL180t2pp
594,FACOAL181t2pp,,,FACOAL181t2pp
595,FACOAL60t2pp,,,FACOAL60t2pp
596,FACOAL80t2pp,25.315285897881157,0.79620897594092,FACOAL80t2pp
597,DURIK1,-27.175233843835173,0.4125808580146085,DURIK1
598,DURIPP,-2.391910958790268,2.113181829452514,DURIPP
599,DURIt2pp,24.99023507890472,8.677409184639241e-06,DURIt2pp
600,DURItex,-1.144409225162235e-06,9.367393431602976e-06,DURItex
601,DUTPDP,-47.863254926129336,0.6570553170433647,DUTPDP
602,DXPRIi,-13.234970641606658,3.5248821498560314,DXPRIi
603,DXPS,-30.28612560202125,2.308577907019841,DXPS
604,FADRx,-12.308181295461988,5.162079716453659,FADRx
605,FALDH2,11.6728494947136,8.603977147225761,FALDH2
606,FALDtex,-3.0517577442878974e-07,2.136230477844947e-06,FALDtex
607,FALDtpp,5.704946150082777,2.136230477844947e-06,FALDtpp
608,DXYLK,-27.001539876513757,0.4125831649170718,DXYLK
609,E4PD,-53.82618380136152,0.9044934065803132,E4PD
610,FBA,22.1174296034464,0.5638386011123657,FBA
611,FLVRx,-12.305569765139095,5.162098471832127,FLVRx
612,FBP,-9.969019513536924,0.8425846695899963,FBP
613,FCLT,306.1437455625341,69.6559518506476,FCLT
614,ECAP1pp,,,ECAP1pp
615,ECAP2pp,,,ECAP2pp
616,ECAP3pp,,,ECAP3pp
617,ECAtpp,-359.412467000967,0.0001029741106322,ECAtpp
618,FDH4pp,-63.32792635898778,26.294399504387236,FDH4pp
619,ECOAH1,3.9051813429803337,0.9697845578193665,ECOAH1
620,FDH5pp,-39.586074464763215,23.257378480090463,FDH5pp
621,ECOAH2,1.0338995999304783,1.837062120437622,ECOAH2
622,FDMO,-348.4438739414616,26.68313526124317,FDMO
623,FMETTRS,-14.712843359439198,3.135864942555336,FMETTRS
624,FDMO2,-333.4042592400889,25.38138882031992,FDMO2
625,ECOAH3,0.6533368772475256,1.8103892803192136,ECOAH3
626,ECOAH4,0.653324479481646,1.810386061668396,ECOAH4
627,FDMO3,-365.5417827058761,27.424311084050995,FDMO3
628,FDMO4,,,FDMO4
629,FDMO6,-324.4544322847247,26.66208475294483,FDMO6
630,FE2abcpp,-64.50206473837918,0.3305114139054129,FE2abcpp
631,ECOAH5,0.6533647722214857,1.810370922088623,ECOAH5
632,ECOAH6,0.6533551758737133,1.81036913394928,ECOAH6
633,ECOAH7,0.6533484405488252,1.810354709625244,ECOAH7
634,ECOAH8,0.6533442086190462,1.8104127645492556,ECOAH8
635,EDA,15.308498860022164,1.0879584550857544,EDA
636,EDD,-39.65161117732587,1.520884394645691,EDD
637,FE2t2pp,-36.133924283164006,0.0,FE2t2pp
638,FE2t3pp,17.717620128071005,0.0,FE2t3pp
639,FMNAT,8.534123839072148,0.1503319223202071,FMNAT
640,FE2tex,0.0,0.0,FE2tex
641,FE2tpp,-26.925772205617506,0.0,FE2tpp
642,FE3DCITabcpp,-41.3330590052266,12.76710258033778,FE3DCITabcpp
643,GLNS,-25.78789352409523,0.8914610931771206,GLNS
644,FMNRx,-12.270838592960478,5.162102121697798,FMNRx
645,GLNtex,3.0517577442878974e-07,2.39324754147674e-06,GLNtex
646,GLNTRS,,,GLNTRS
647,FE3DCITtonex,-9.208153298249623,2.1107930256092023e-05,FE3DCITtonex
648,FE3DHBZSabcpp,25.23490135110743,0.3305079762187586,FE3DHBZSabcpp
649,FE3DHBZStonex,-9.208155739655874,3.208847516624735e-05,FE3DHBZStonex
650,GLU5K,15.53689386239283,0.9609111547470092,GLU5K
651,FE3HOXabcpp,-29.018903553273173,0.3305114139054129,FE3HOXabcpp
652,FMNRx2,-12.270696808873277,5.162090314597359,FMNRx2
653,FE3HOXtonex,-9.2081520775465,0.0,FE3HOXtonex
654,FE3Ri,-191.84464978059367,7.35327509123068,FE3Ri
655,GLUabcpp,-14.768982969324393,0.3305114936387971,GLUabcpp
656,GLUCYS,-42.26215736872567,2.1777800889271863,GLUCYS
657,GLUDy,34.21643561229288,0.3380019854105293,GLUDy
658,FORt2pp,-6.352534666303658,0.0,FORt2pp
659,GLUN,-11.78839912310736,0.9397285580635072,GLUN
660,GLUNpp,-11.729784965515137,0.9397287368774414,GLUNpp
661,GLUPRT,-37.5053371984034,5.775007724761963,GLUPRT
662,GLUR,0.0,4.315837031754199e-06,GLUR
663,GLUSy,-46.00483462095931,1.0118535101652142,GLUSy
664,GLUt2rpp,13.599157485890771,3.03646068452948e-06,GLUt2rpp
665,FE3tex,0.0,0.0,FE3tex
666,FECRMabcpp,82.22432433798835,0.3305133828119351,FECRMabcpp
667,FECRMtonex,-9.208148110261344,2.549816246985389e-05,FECRMtonex
668,FEENTERabcpp,38.48910509903078,0.3305103378831109,FEENTERabcpp
669,GTPDPDP,-37.57670994491521,0.3305495531492124,GTPDPDP
670,GLUt4pp,7.89441997161091,9.959501767298208e-06,GLUt4pp
671,GLUtex,-3.0517577442878974e-07,3.036461066585616e-06,GLUtex
672,GTPDPK,-14.406362147154512,1.7680957439324188,GTPDPK
673,FORtex,0.0,0.0,FORtex
674,GTPtex,4.882812390860636e-06,3.417968764551915e-05,GTPtex
675,GUAPRT,-19.57766954099921,0.6104058623313904,GUAPRT
676,GLUTRR,,,GLUTRR
677,GLUTRS,,,GLUTRS
678,GLYALDtex,3.0517577442878974e-07,3.725145234056981e-06,GLYALDtex
679,GUI1,0.7850295078800436,0.8567571640014648,GUI1
680,GLYALDtpp,17.114830461328555,4.513610747380881e-06,GLYALDtpp
681,FORtppi,-2.855617411242841,0.0,FORtppi
682,GLYAT,24.094053244168197,3.460460901260376,GLYAT
683,GLYBabcpp,-6.198782384571555,0.3305114412208218,GLYBabcpp
684,GUI2,0.785028852228951,0.8567564487457275,GUI2
685,H2O2tex,0.0,0.0,H2O2tex
686,H2Otex,0.0,0.0,H2Otex
687,GLYBt2pp,22.16935807064361,5.276982564023006e-06,GLYBt2pp
688,FRD2,-15.796210932204891,23.514545440673828,FRD2
689,GLYBtex,3.0517577442878974e-07,5.276982392388163e-06,GLYBtex
690,H2Otpp,5.704945303121597,0.0,H2Otpp
691,H2St1pp,-3.453085180760523,0.0,H2St1pp
692,GLYC2Ptex,-1.220703097715159e-06,1.2145844266342465e-05,GLYC2Ptex
693,FRD3,-10.011927026817508,20.93829727172852,FRD3
694,GLYC3Pabcpp,-17.13588336115027,0.3305140497533482,GLYC3Pabcpp
695,GLYC3Ptex,4.882812390860636e-06,4.200354669592343e-05,GLYC3Ptex
696,GLYCAt2rpp,5.054655342903681,0.0,GLYCAt2rpp
697,GLYCAtex,0.0,0.0,GLYCAtex
698,H2Stex,0.0,0.0,H2Stex
699,H2tex,0.0,0.0,H2tex
700,H2tpp,5.704945844907002,0.0,H2tpp
701,HACD1i,19.175892893278444,0.7722907606664232,HACD1i
702,HACD2i,20.782282562878205,1.049525093130408,HACD2i
703,HACD3i,20.40176151290354,1.0351244408207851,HACD3i
704,GLYCK2,-21.86994627960855,0.6507703068627151,GLYCK2
705,GLYCL,26.45727781639188,2.790581464767456,GLYCL
706,GLYCLTDx,-38.96799389214956,0.9362719364444424,GLYCLTDx
707,HACD4i,20.40175540874956,1.0351195280442405,HACD4i
708,FRUK,-27.092947942923992,0.412566967085351,FRUK
709,HACD5i,20.40177860210891,1.0351281775385586,HACD5i
710,HACD6i,20.40176578472607,1.035127285328803,HACD6i
711,HACD7i,20.40176883648388,1.0351472883779451,HACD7i
712,GLYCLTDy,-38.96785210806235,0.936267491306793,GLYCLTDy
713,GLYCLTt4pp,-6.354901933917006,1.146162594523048e-05,GLYCLTt4pp
714,GLYCLTtex,0.0,0.0,GLYCLTtex
715,GLYCtex,1.525878872143949e-07,6.990790552663384e-06,GLYCtex
716,GLYCtpp,-22.81978138406141,6.796587513235863e-06,GLYCtpp
717,GLYK,-26.976227994530287,0.4125921150730134,GLYK
718,HACD8i,20.40175662945263,1.0351326477786085,HACD8i
719,GLYt2pp,5.023514967634897,0.0,GLYt2pp
720,FRULYStex,0.0,2.1793910491396676e-05,FRULYStex
721,GLYtex,0.0,0.0,GLYtex
722,GLYTRS,,,GLYTRS
723,GMHEPAT,8.793494387755443,0.1503228142980548,GMHEPAT
724,HBZOPT,-71.31987353566672,5.3703436851501465,HBZOPT
725,HCINNMt2rpp,10.741772925169942,0.0,HCINNMt2rpp
726,HCINNMtex,-3.8146971803598724e-08,1.7476975244790085e-06,HCINNMtex
727,HCO3E,-18.23617767485185,1.863337208203711,HCO3E
728,HDCAtexi,-6.103515488575795e-07,2.796316039166413e-05,HDCAtexi
729,HDCEAtexi,,,HDCEAtexi
730,GMHEPK,-20.147480973119272,0.573964151954552,GMHEPK
731,GMHEPPA,-10.682110282818147,0.4067215919494629,GMHEPPA
732,GMPR,3.2008253153174664,9.23553856332052,GMPR
733,GMPS2,-55.67215725278607,9.260966680925314,GMPS2
734,GMPtex,1.220703097715159e-06,1.214584244735306e-05,GMPtex
735,GND,20.712235857267373,2.0159053802490234,GND
736,CTECOAI7,,,CTECOAI7
737,GNK,-26.89854063477597,0.4125823952912199,GNK
738,FRUpts2pp,-7.600914107606513,0.5327900648117065,FRUpts2pp
739,GP4GH,-57.80557742828634,0.6570151767924027,GP4GH
740,GPDDA1,-34.804098819681634,2.203839637022873,GPDDA1
741,GPDDA2,-35.40431517878708,2.138063308292512,GPDDA2
742,HEMEOS,-78.59087171601703,5.657626152038574,HEMEOS
743,HEX1,-27.18053544259428,0.4125780345267758,HEX1
744,HEX7,-27.18124609075957,0.4125737868764288,HEX7
745,GPDDA3,-30.84208674514229,41.48551288185958,GPDDA3
746,FRUptspp,-8.115253565315953,0.827997624874115,FRUptspp
747,GPDDA4,-36.15447967336623,2.162946412187049,GPDDA4
748,GPDDA5,-48.97950135901811,2.451795303828975,GPDDA5
749,HG2abcpp,-10.602778017229252,0.3305114139054129,HG2abcpp
750,GRTT,-69.02106072679325,3.581977844238281,GRTT
751,HG2tex,0.0,0.0,HG2tex
752,FRUtex,-1.5258789289873675e-06,1.6363228496629745e-05,FRUtex
753,HISabcpp,-11.289599133163213,0.3305110282991094,HISabcpp
754,HISTD,-27.387480377834144,2.2853275701373343,HISTD
755,GRXR,,,GRXR
756,GSNK,-27.17954279747739,0.4125749922054693,GSNK
757,GSNt2pp,27.870350432435224,9.386325988299376e-06,GSNt2pp
758,HIStex,1.373291070194682e-06,1.7937354641617276e-05,HIStex
759,FRUURt2rpp,16.4616286003033,0.0,FRUURt2rpp
760,HISTP,-10.277114221489416,0.6273126006126404,HISTP
761,HISTRS,,,HISTRS
762,HMBS,-135.5592662524366,37.441986083984375,HMBS
763,HMPK1,-24.297105534276,2.8651183098230364,HMPK1
764,HOMt2pp,-34.8434774858489,3.725145146403107e-06,HOMt2pp
765,GSNtex,1.5258789289873675e-06,7.928700142656453e-06,GSNtex
766,GTHOr,-14.153531218620929,1.3581607943238,GTHOr
767,GTHOXtex,-1.220703097715159e-06,1.92623701877892e-05,GTHOXtex
768,GTHRDabc2pp,-81.96582449348384,0.3305104924408729,GTHRDabc2pp
769,GTHRDtex,-6.103515488575795e-07,1.3634219612868035e-05,GTHRDtex
770,GTHS,-39.09690603471306,2.396344983389786,GTHS
771,GTPCI,-63.29366833540473,7.707982908232138,GTPCI
772,GTPCII2,-68.78991418310132,4.492009556237621,GTPCII2
773,EX_dtmp_e,,,EX_dtmp_e
774,HOMtex,6.103515488575795e-07,4.78649553770083e-06,HOMtex
775,HPPK2,-25.41234434668315,1.1801627981127547,HPPK2
776,HPPPNt2rpp,16.44861198265931,5.49448845050837e-06,HPPPNt2rpp
777,FRUURtex,-6.103515488575795e-07,6.072922133171232e-06,FRUURtex
778,HPPPNtex,1.525878872143949e-07,3.773274329432752e-06,HPPPNtex
779,HPYRI,-1.5789403014088703,2.6093599796295166,HPYRI
780,HPYRRx,-30.303619517751454,0.456766528732164,HPYRRx
781,HPYRRy,-30.30347773366425,0.4567725944047858,HPYRRy
782,ILEtex,0.0,0.0,ILEtex
783,FUCtex,-3.0517577442878974e-07,1.6988728020805866e-05,FUCtex
784,ILETRS,,,ILETRS
785,IMPC,7.363801801511123,12.060500144958496,IMPC
786,IMPD,-7.191083038785195,1.9117999706285425,IMPD
787,HSDy,18.50167336635136,1.2353071198667374,HSDy
788,HSK,-26.308823830961487,1.0167667483915852,HSK
789,HSST,-9.088434324438955,1.9915406703948972,HSST
790,HSTPT,10.191665048161424,2.30292010307312,HSTPT
791,IMPtex,0.0,2.7295751351630315e-05,IMPtex
792,INDOLEt2pp,-10.75915837764184,0.0,INDOLEt2pp
793,Htex,0.0,0.0,Htex
794,FUCtpp,25.021494217465865,1.6704018778569345e-05,FUCtpp
795,HXAtex,-3.814697322468419e-07,1.1180382898601238e-05,HXAtex
796,HXPRT,-19.58669934559617,0.6104070544242859,HXPRT
797,HYXNtex,9.155273232863692e-07,1.395491108269198e-05,HYXNtex
798,HYXNtpp,11.338339344655928,9.02722058526706e-06,HYXNtpp
799,ICDHyr,20.14419696759408,2.226494789123535,ICDHyr
800,ICHORS,1.7440669620579,1.4258531332015991,ICHORS
801,INDOLEtex,0.0,0.0,INDOLEtex
802,INSK,-27.17990415937909,0.4125780971239854,INSK
803,INSTtex,2.441406195430318e-06,2.3905220587039366e-05,INSTtex
804,IPDPS,-65.94290024390442,3.589607766515765,IPDPS
805,IPMD,23.681711055437138,3.8233269397259706,IPMD
806,IPPMIa,-2.056021266351725,3.773498058319092,IPPMIa
807,IPPMIb,0.1639138843340823,3.577037811279297,IPPMIb
808,IPPS,-40.433773810394186,3.0340194336251174,IPPS
809,ICL,16.731200995520652,1.5932670831680298,ICL
810,IDONt2rpp,22.16944863193587,6.072921369058959e-06,IDONt2rpp
811,IDONtex,-6.103515488575795e-07,6.072922133171232e-06,IDONtex
812,IG3PS,-61.764223289250445,12.076796862447674,IG3PS
813,IGPDH,-48.74272859020341,4.540666580200195,IGPDH
814,ISETACabcpp,-23.313927955516647,0.3305114139054129,ISETACabcpp
815,ISETACtex,0.0,0.0,ISETACtex
816,FUM,-3.5386118456585827,0.1696075499057769,FUM
817,Kabcpp,-52.48918204829408,0.3305114139054129,Kabcpp
818,KARA1,22.88865450829909,5.752407516392648,KARA1
819,IGPS,-79.22234027358027,6.152852947853487,IGPS
820,ILEabcpp,-0.5078320622797072,0.3305114139054129,ILEabcpp
821,ILEt2rpp,27.86030839293546,0.0,ILEt2rpp
822,KARA2,-22.56372108330591,5.571328996337968,KARA2
823,ILETA,-1.6693502849190691,2.8658907413482666,ILETA
824,FUMt2_2pp,-12.70638981645758,0.0,FUMt2_2pp
825,KAS14,20.864877648582613,2.865201679058863,KAS14
826,FUMt2_3pp,-21.91454189400408,0.0,FUMt2_3pp
827,KAS15,18.86050819542356,2.568214612586183,KAS15
828,FUMtex,0.0,0.0,FUMtex
829,KAT1,-26.75967051489863,0.9905622005462646,KAT1
830,LPLIPAL1E180pp,-16.887010345458986,2.1814841995342067,LPLIPAL1E180pp
831,LPLIPAL1E181pp,-16.887007904052734,2.181464198109522,LPLIPAL1E181pp
832,LPLIPAL1G120pp,,,LPLIPAL1G120pp
833,ACACT11,-26.319855579396062,1.4967215061187744,ACACT11
834,G1PACT,-52.85310507038394,4.410636801172613,G1PACT
835,ACACT8,,,ACACT8
836,ACACT13,-26.31989269528674,1.4967163801193235,ACACT13
837,ACACT10,-26.319883158543547,1.496728539466858,ACACT10
838,ACACT9,-26.319885065891924,1.496727466583252,ACACT9
839,LPLIPAL1G140pp,,,LPLIPAL1G140pp
840,LPLIPAL1G141pp,,,LPLIPAL1G141pp
841,LPLIPAL1G160pp,-16.88701889038086,2.181485198037437,LPLIPAL1G160pp
842,LPLIPAL1G161pp,,,LPLIPAL1G161pp
843,LPLIPAL1G180pp,-16.88699996948242,2.181475109963488,LPLIPAL1G180pp
844,LPLIPAL1G181pp,-16.88700424194336,2.18146790357154,LPLIPAL1G181pp
845,ACACT12,-26.3199270275623,1.4967211484909058,ACACT12
846,ACACT8r,-26.319892695286512,1.4966851472854614,ACACT8r
847,LPLIPAL2A120,,,LPLIPAL2A120
848,KDOCT2,1.6212521437719758,4.225183963775635,KDOCT2
849,G1Ptex,-1.220703097715159e-06,2.1107929569552653e-05,G1Ptex
850,KDOPP,-6.940961147836344,2.634291172027588,KDOPP
851,KDOPS,-72.11172614119577,1.5731457471847534,KDOPS
852,LPLIPAL2A140,,,LPLIPAL2A140
853,LPLIPAL2A141,,,LPLIPAL2A141
854,LPLIPAL2A160,-43.06781518510362,2.397855020133825,LPLIPAL2A160
855,Kt2pp,-24.12104159307891,0.0,Kt2pp
856,Kt3pp,5.704737437985912,0.0,Kt3pp
857,LPLIPAL2A161,,,LPLIPAL2A161
858,G1PTT,8.805074316588815,0.1503102930257885,G1PTT
859,LPLIPAL2A180,-43.067808471236646,2.3978442520629764,LPLIPAL2A180
860,Ktex,0.0,0.0,Ktex
861,LA4NTpp,,,LA4NTpp
862,LACZpp,-13.368325233459473,0.7894203066825867,LACZpp
863,LALGP,1.661303952226934,2.524780035018921,LALGP
864,LCTStex,-6.103515488575795e-07,2.515803680580575e-05,LCTStex
865,LCTStpp,53.54590311877016,2.1143198334581025e-05,LCTStpp
866,LPLIPAL2A181,,,LPLIPAL2A181
867,LPLIPAL2ATE120,-4.626329237079062,40.44941329956055,LPLIPAL2ATE120
868,LPLIPAL2ATE140,-5.072534853076178,3.25699782371521,LPLIPAL2ATE140
869,LPLIPAL2ATE141,0.4462487294976824,40.33294677734375,LPLIPAL2ATE141
870,LPLIPAL2ATE160,-5.072567754839866,3.2570159435272217,LPLIPAL2ATE160
871,LPLIPAL2ATE161,,,LPLIPAL2ATE161
872,LDH_D,25.71718848320261,0.6792178808493676,LDH_D
873,LDH_D2,-49.21156928753422,26.316164016723636,LDH_D2
874,LPLIPAL2ATE180,-4.626392179584883,40.44943618774414,LPLIPAL2ATE180
875,LEUabcpp,-0.5103157371392228,0.3305110987442239,LEUabcpp
876,LPLIPAL2ATE181,,,LPLIPAL2ATE181
877,LEUt2rpp,27.857824718075943,4.55469102679422e-06,LEUt2rpp
878,G1SAT,-19.758554759822623,3.4541494846343994,G1SAT
879,LEUTAi,-1.1117615606374898,1.1632236242294312,LEUTAi
880,LPLIPAL2ATG120,,,LPLIPAL2ATG120
881,LPLIPAL2ATG140,-5.072529836519237,3.257001638412476,LPLIPAL2ATG140
882,LEUtex,3.0517577442878974e-07,3.0364608392119408e-06,LEUtex
883,LPLIPAL2ATG141,2.194833407997976e-05,0.0002144966856576,LPLIPAL2ATG141
884,G3PAT120,,,G3PAT120
885,LPLIPAL2ATG160,-5.0725703676774,3.257028102874756,LPLIPAL2ATG160
886,LEUTRS,,,LEUTRS
887,LGTHL,-18.064328421489684,2.523567914962769,LGTHL
888,LPLIPAL2ATG161,,,LPLIPAL2ATG161
889,L_LACD2,-49.21156928753422,26.316164016723636,L_LACD2
890,G3PAT140,,,G3PAT140
891,L_LACD3,-25.469744248778404,23.328937530517575,L_LACD3
892,L_LACtex,3.0517577442878974e-07,5.276982392388163e-06,L_LACtex
893,LPADSS,-29.227685502833538,1.4403901683448432,LPADSS
894,LPLIPAL1A120pp,,,LPLIPAL1A120pp
895,LPLIPAL1A140pp,,,LPLIPAL1A140pp
896,LPLIPAL1A141pp,,,LPLIPAL1A141pp
897,LPLIPAL1A160pp,,,LPLIPAL1A160pp
898,LPLIPAL2ATG180,-5.072616620883167,3.2570180892944336,LPLIPAL2ATG180
899,LPLIPAL2ATG181,,,LPLIPAL2ATG181
900,LPLIPAL2E120,,,LPLIPAL2E120
901,LPLIPAL2E140,,,LPLIPAL2E140
902,LPLIPAL2E141,,,LPLIPAL2E141
903,LPLIPAL2E160,-34.005159953727066,2.397870366231197,LPLIPAL2E160
904,LPLIPAL2E161,,,LPLIPAL2E161
905,LPLIPAL2E180,-33.55890842784837,40.18891276254079,LPLIPAL2E180
906,LPLIPAL2E181,-28.48503871830898,40.191465726172765,LPLIPAL2E181
907,LPLIPAL1A161pp,,,LPLIPAL1A161pp
908,LPLIPAL1A180pp,-16.887018280029295,2.181472831652328,LPLIPAL1A180pp
909,LPLIPAL1A181pp,,,LPLIPAL1A181pp
910,LPLIPAL1E120pp,,,LPLIPAL1E120pp
911,LPLIPAL2G120,,,LPLIPAL2G120
912,LPLIPAL2G140,,,LPLIPAL2G140
913,LPLIPAL1E140pp,,,LPLIPAL1E140pp
914,G3PAT141,-9.556294797133566,3.295293092727661,G3PAT141
915,LPLIPAL1E141pp,,,LPLIPAL1E141pp
916,LPLIPAL1E160pp,-16.440787200927733,40.19147122475127,LPLIPAL1E160pp
917,LPLIPAL2G141,,,LPLIPAL2G141
918,LPLIPAL2G160,-34.00516020145227,2.397874592995183,LPLIPAL2G160
919,LPLIPAL2G161,,,LPLIPAL2G161
920,LPLIPAL1E161pp,,,LPLIPAL1E161pp
921,G3PAT160,,,G3PAT160
922,MALTTRabcpp,53.70241991160591,0.3305153369606033,MALTTRabcpp
923,LPLIPAL2G180,-34.00513517703844,2.3978632731846323,LPLIPAL2G180
924,LPLIPAL2G181,-28.931258795143155,2.181475912557646,LPLIPAL2G181
925,LYSabcpp,5.188778172504854,0.3305111566743419,LYSabcpp
926,LYSt3pp,-51.97322278281302,1.3381705722148844e-05,LYSt3pp
927,LYStex,-7.629394644936838e-07,1.3014772775932215e-05,LYStex
928,MALTTRtexi,3.662109293145477e-06,3.090573227382265e-05,MALTTRtexi
929,MALTTTRabcpp,82.227099060223,0.3305087598850243,MALTTTRabcpp
930,MALTTTRtexi,1.220703097715159e-06,4.7261866711778566e-05,MALTTTRtexi
931,LYSTRS,,,LYSTRS
932,LYXI,2.585754044412436,0.5350437760353088,LYXI
933,G3PAT161,,,G3PAT161
934,LYXt2pp,19.31630280699368,3.03646068452948e-06,LYXt2pp
935,LYXtex,0.0,0.0,LYXtex
936,MAN1PT2,19.66752425784516,0.4050318736320328,MAN1PT2
937,MAN6PI,0.2607134092570646,0.1824346482753753,MAN6PI
938,MAN6Pt6_2pp,24.012634174655453,8.772091678110883e-05,MAN6Pt6_2pp
939,M1PD,17.957587744211565,0.7581723881317972,M1PD
940,MACPD,-7.833064227892088,2.9943354354914264,MACPD
941,MAN6Ptex,-2.441406195430318e-06,2.980116187245585e-05,MAN6Ptex
942,MALDDH,27.57377811523661,1.7394274473190308,MALDDH
943,G3PAT180,,,G3PAT180
944,MALDt2_2pp,-6.983629461945616,2.1998072864917115e-05,MALDt2_2pp
945,MALDtex,-6.103515488575795e-07,2.1998075681040064e-05,MALDtex
946,MANGLYCptspp,1.0454872089034095,0.5327916741371155,MANGLYCptspp
947,MANGLYCtex,0.0,1.7263348127016798e-05,MANGLYCtex
948,MANptspp,-7.597676394102805,0.5327872633934021,MANptspp
949,MALS,-59.02871258701704,1.5501431071078176,MALS
950,MALt2_2pp,-6.98362579983624,1.9787066744930816e-05,MALt2_2pp
951,MANtex,-1.5258789289873675e-06,1.850029730121605e-05,MANtex
952,MALt2_3pp,-16.191777877382737,1.9787066744930816e-05,MALt2_3pp
953,G3PAT181,,,G3PAT181
954,MALTabcpp,25.177765715312805,0.3305129915343753,MALTabcpp
955,MALtex,-1.8310546465727384e-06,2.790982216538396e-05,MALtex
956,MALTHXabcpp,139.27645086393736,0.3305121929733053,MALTHXabcpp
957,MALTHXtexi,6.10351571594947e-06,4.358782098279335e-05,MALTHXtexi
958,MCOATA,-2.00518789676776,2.2369093894958496,MCOATA
959,MCPST,-100.76104599308977,6.408052791236489,MCPST
960,MCTP1App,,,MCTP1App
961,MCTP1Bpp,,,MCTP1Bpp
962,MCTP2App,,,MCTP2App
963,MDDCP1pp,,,MDDCP1pp
964,MDDCP2pp,,,MDDCP2pp
965,MALTPTabcpp,110.75178390785256,0.330513698040405,MALTPTabcpp
966,MALTptspp,20.926993713205896,0.5327903628349304,MALTptspp
967,MALTPTtexi,-7.324218586290954e-06,3.7900816096225753e-05,MALTPTtexi
968,MDDCP3pp,,,MDDCP3pp
969,MALTtexi,-1.220703097715159e-06,2.438352385070175e-05,MALTtexi
970,MDDCP4pp,,,MDDCP4pp
971,G3PCabcpp,7.412557929021364,0.3305135610995411,G3PCabcpp
972,MDDCP5pp,,,MDDCP5pp
973,MDDEP1pp,,,MDDEP1pp
974,G3PCtex,-1.5258789289873675e-06,2.3786096789990552e-05,G3PCtex
975,MDDEP2pp,,,MDDEP2pp
976,MDDEP3pp,,,MDDEP3pp
977,G3PD2,22.243682980145,0.7575129274289687,G3PD2
978,MDDEP4pp,,,MDDEP4pp
979,NI2t3pp,17.765362437985914,0.0,NI2t3pp
980,MDH,28.89640256100964,0.338896957576087,MDH
981,G3PD5,-52.68496260855542,26.207555770874023,G3PD5
982,ME1,27.57377811523661,1.7394323348999023,ME1
983,ME2,27.57364388425,1.739421248435974,ME2
984,MLTGY4pp,,,MLTGY4pp
985,MMETt2pp,18.645220733022303,7.450290292806215e-06,MMETt2pp
986,MMETtex,-9.155273232863692e-07,1.3954912901681382e-05,MMETtex
987,MN2t3pp,17.765362437985914,0.0,MN2t3pp
988,MNLptspp,-1.7021395731893847,0.5327938795089722,MNLptspp
989,MECDPDH2,-106.10000361614873,5.801213264465332,MECDPDH2
990,MECDPS,0.0389028974249683,0.0001754789846017,MECDPS
991,MELIBt2pp,53.54589372692063,2.1001770671490787e-05,MELIBt2pp
992,MELIBtex,-2.441406195430318e-06,2.2706391973770224e-05,MELIBtex
993,MEPCT,8.59372730843739,0.1503146011618082,MEPCT
994,MNLtex,4.882812390860636e-06,1.8673166778171435e-05,MNLtex
995,MNNH,-39.65666373449462,1.5208810567855835,MNNH
996,MNt2pp,-36.18166659307891,0.0,MNt2pp
997,METabcpp,-6.215940581768034,0.3305114139054129,METabcpp
998,G3PD6,-28.943118496313275,23.15382575988769,G3PD6
999,METAT,-25.170981366602728,28.560890197753903,METAT
1000,METDabcpp,-6.215940581768034,0.3305114139054129,METDabcpp
1001,MNtex,0.0,0.0,MNtex
1002,MOAT,-35.874188263171774,4.480722947500879,MOAT
1003,MOAT2,-34.589927768630886,4.608961838303935,MOAT2
1004,METDtex,0.0,0.0,METDtex
1005,METS,-24.102296531146628,7.551973349523908,METS
1006,G3PD7,-34.72740907742087,20.644800186157227,G3PD7
1007,METSOX1abcpp,-6.240050038907217,0.3305109836008723,METSOX1abcpp
1008,METSOX1tex,0.0,6.383209438354243e-06,METSOX1tex
1009,METSOX2abcpp,-6.240051221463371,0.3305114639483118,METSOX2abcpp
1010,MOBDabcpp,-37.575953239546514,0.3305114139054129,MOBDabcpp
1011,MOBDtex,0.0,0.0,MOBDtex
1012,MOHMT,3.0630197951420044,5.855541706085205,MOHMT
1013,METSOX2tex,7.24792471373803e-07,4.724530299426988e-06,METSOX2tex
1014,MPTG,,,MPTG
1015,G3PEabcpp,2.352940650552217,0.3305105922050227,G3PEabcpp
1016,MPTG2,,,MPTG2
1017,MSO3abcpp,-29.018873761220235,0.3305114139054129,MSO3abcpp
1018,MSO3tex,0.0,0.0,MSO3tex
1019,MTAN,-8.077324276007657,0.7176957726478577,MTAN
1020,MTHFC,-6.585235088783322,0.7694012383200658,MTHFC
1021,METSOXR1,-111.57462614416632,27.5255184173584,METSOXR1
1022,METSOXR2,-111.57462614416632,27.5255184173584,METSOXR2
1023,METtex,0.0,0.0,METtex
1024,METTRS,,,METTRS
1025,MG2tex,0.0,0.0,MG2tex
1026,MG2tpp,-26.97351451553241,0.0,MG2tpp
1027,MG2uabcpp,-64.54980704829407,0.3305114139054129,MG2uabcpp
1028,MGSA,-68.05155131223692,3.1201040744781494,MGSA
1029,MTHFD,5.042473014698999,1.5280121564865112,MTHFD
1030,MTHFR2,-25.971956507480293,5.029325843465615,MTHFR2
1031,MTRPOX,-43.23696815010985,8.604901313781738,MTRPOX
1032,MI1PP,-23.191944590060174,1.8800770044326784,MI1PP
1033,N2Otex,0.0,0.0,N2Otex
1034,MICITDr,-8.245673574845934,2.309812307357788,MICITDr
1035,G3PEtex,-6.103515488575795e-07,1.6136846170411445e-05,G3PEtex
1036,MINOHPtexi,0.0,6.905339250806719e-05,MINOHPtexi
1037,MLTG1,-13.368533207802145,0.7894311547279358,MLTG1
1038,N2Otpp,1.1320430735654364e-08,0.0,N2Otpp
1039,NACODA,-2.172994655371486,1.4266645908355713,NACODA
1040,NACtex,0.0,3.737624638233683e-06,NACtex
1041,NADDP,-45.39533819731997,2.0057198855541123,NADDP
1042,MLTG2,-13.368552247345376,0.7894084453582764,MLTG2
1043,MLTG3,-13.368550278816386,0.7894283533096313,MLTG3
1044,G3PGabcpp,2.358346721859256,0.3305078122259285,G3PGabcpp
1045,MLTG4,-13.368549896732048,0.7894380688667297,MLTG4
1046,MLTG5,-13.368528116806884,0.7893985509872437,MLTG5
1047,NADH10,-51.186933037156834,23.32052812359344,NADH10
1048,NADH16pp,-47.30432869874184,26.179411713546436,NADH16pp
1049,NADH17pp,-23.56247680451729,23.32052812359344,NADH17pp
1050,NADH18pp,-29.34677470984364,20.79389695583908,NADH18pp
1051,NADH5,-74.92878493138133,26.179411713546436,NADH5
1052,NADH9,-56.97123094248318,20.79389695583908,NADH9
1053,NADK,-18.729731280156287,2.05556583042038,NADK
1054,NADPHQR2,-74.92864314729415,26.179419196272157,NADPHQR2
1055,MLTGY1pp,,,MLTGY1pp
1056,MLTGY2pp,,,MLTGY2pp
1057,MLTGY3pp,,,MLTGY3pp
1058,NI2tex,0.0,0.0,NI2tex
1059,NADPHQR3,-51.1867912530696,23.32053412342452,NADPHQR3
1060,G3PGtex,3.662109293145477e-06,4.032018114230596e-05,G3PGtex
1061,NADPHQR4,-56.97108915839595,20.79389979526452,NADPHQR4
1062,NADTRHD,0.0001381219777414,0.0001914753665914,NADTRHD
1063,NAMNPP,-34.61114517960026,1.4059181213378906,NAMNPP
1064,NI2tpp,-26.97351451553241,0.0,NI2tpp
1065,NI2uabcpp,-64.54980704829407,0.3305114139054129,NI2uabcpp
1066,NMNAT,-2.478819554354589,1.976067521425289,NMNAT
1067,NMNPtpp,40.197724608819925,2.0233866962371397e-05,NMNPtpp
1068,NAt3_1p5pp,2.201322798425327,0.0,NAt3_1p5pp
1069,NMNtex,2.441406195430318e-06,2.429168671369553e-05,NMNtex
1070,NAt3_2pp,-3.503414639560587,0.0,NAt3_2pp
1071,G3PIabcpp,13.768221288405872,0.3305158218130231,G3PIabcpp
1072,NAt3pp,5.704737437985912,0.0,NAt3pp
1073,NAtex,0.0,0.0,NAtex
1074,NDPK1,-0.000109938874317,0.0002163917670259,NDPK1
1075,NNAM,-37.24769532829132,6.408064365386963,NNAM
1076,NNATr,8.782712343655655,0.150340595093124,NNATr
1077,NNDPR,15.676777962519347,5.244226148040251,NNDPR
1078,NO2t2rpp,-6.355679155035024,0.0,NO2t2rpp
1079,NO2tex,0.0,0.0,NO2tex
1080,NO3R1bpp,-72.78976637312624,26.20400619506836,NO3R1bpp
1081,NO3R2bpp,-96.5316219294602,23.798097610473636,NO3R2bpp
1082,NO3tex,0.0,0.0,NO3tex
1083,NDPK2,-2.885156244758491e-05,0.00029951785109,NDPK2
1084,NDPK3,-9.994413207436992e-05,0.0002313417644472,NDPK3
1085,NDPK4,-3.5695424330128844e-05,0.0002576349070295,NDPK4
1086,NDPK5,-7.51818827282591e-05,0.0002261300978716,NDPK5
1087,NDPK6,-2.1615474977920712e-05,0.0002868002920877,NDPK6
1088,NDPK7,-8.781886841546793e-05,0.0002437007642583,NDPK7
1089,G3PItex,-1.220703097715159e-06,3.6600740713765845e-05,G3PItex
1090,NDPK8,-1.2138729225341647e-05,0.0002366527478443,NDPK8
1091,NH4tex,0.0,0.0,NH4tex
1092,NH4tpp,11.337673720778255,0.0,NH4tpp
1093,NI2abcpp,-10.602778017229252,0.3305114139054129,NI2abcpp
1094,NODOx,-505.99521290261634,7.09516503766329,NODOx
1095,NODOy,-505.9950711185291,7.0951732600283925,NODOy
1096,NOtex,0.0,0.0,NOtex
1097,NOtpp,2.083036209635988e-10,0.0,NOtpp
1098,EX_cu_e,,,EX_cu_e
1099,G3PSabcpp,-0.5166165663239042,0.3305120396488518,G3PSabcpp
1100,NPHS,-12.899478858683494,14.937826156616213,NPHS
1101,G3PStex,1.220703097715159e-06,1.2145844266342465e-05,G3PStex
1102,NTD1,-10.401053920554912,0.4067439436912536,NTD1
1103,G5SD,-2.594191536711879,1.6299822744992285,G5SD
1104,NTD10,-10.396231824968552,0.406753659248352,NTD10
1105,NTD11,-10.39639691830445,0.406729131937027,NTD11
1106,OMMBLHX,,,OMMBLHX
1107,G6PDA,7.677142981436711,2.104607105255127,G6PDA
1108,OMPDC,5.876479257909624,5.525291406015209,OMPDC
1109,NTD12,-10.400448938457227,0.4067351222038269,NTD12
1110,NTD2,-10.39695307544268,0.4067490696907043,NTD2
1111,NTD3,-10.401282738797878,0.4067376852035522,NTD3
1112,NTD4,-10.3972143339513,0.406746506690979,NTD4
1113,NTD5,-10.401036558397344,0.406743049621582,NTD5
1114,OMPHHX,-181.82912545015597,4.082029819488525,OMPHHX
1115,OP4ENH,-27.540040096658373,2.93453049659729,OP4ENH
1116,OPHBDC,16.61081523382976,2.418586096206937,OPHBDC
1117,OPHHX,-172.3153334030901,5.281708240509033,OPHHX
1118,NTD6,-10.405395919072776,0.406739592552185,NTD6
1119,NTD7,-10.401146630620037,0.4067385792732239,NTD7
1120,ORNabcpp,-0.5165304260710322,0.3305106294257335,ORNabcpp
1121,G6PDH2r,-9.700244637753777,0.9001244589221322,G6PDH2r
1122,ORNDC,-9.383831579873238,2.1906715201139435,ORNDC
1123,ORNtex,3.0517577442878974e-07,7.469017873518169e-06,ORNtex
1124,OROTt2_2pp,-9.893269044540336,4.2724609375e-06,OROTt2_2pp
1125,NTD8,-10.40081215719172,0.406726598739624,NTD8
1126,NTD9,-10.396746035027936,0.4067447185516357,NTD9
1127,NTP1,-37.57629253276166,0.3305114139054129,NTP1
1128,OROTtex,0.0,4.315837031754199e-06,OROTtex
1129,G6Pt6_2pp,24.01263661606165,8.400709339184687e-05,G6Pt6_2pp
1130,ORPT,2.4453976929321257,2.25427794456482,ORPT
1131,NTP10,-37.57631440079582,0.3304903114133669,NTP10
1132,NTP3,-37.57618137318357,0.3305044370576758,NTP3
1133,G6Ptex,-1.220703097715159e-06,1.2145844266342465e-05,G6Ptex
1134,NTP3pp,-26.483924407958984,0.3305032635739057,NTP3pp
1135,NTP5,-37.57620113355132,0.3305124160597297,NTP5
1136,OXGDC2,,,OXGDC2
1137,P5CD,-50.70764725983271,3.940038257651199,P5CD
1138,NTPP1,-47.87218801164618,0.6570904969802094,NTPP1
1139,P5CR,-36.54700080149565,2.7739746376479104,P5CR
1140,NTPP10,-47.85488312413623,0.6570658123129138,NTPP10
1141,GAL1Ptex,0.0,0.0,GAL1Ptex
1142,NTPP11,-47.8407028381264,0.6570832361758397,NTPP11
1143,NTPP2,-47.87619858376978,0.6570682892195566,NTPP2
1144,PA120abcpp,-183.3784203044296,0.3305153808702108,PA120abcpp
1145,PA140abcpp,-206.1981981908936,0.330511744617885,PA140abcpp
1146,PA141abcpp,-194.7883058907277,0.3305142949686615,PA141abcpp
1147,PA160abcpp,-229.0179840119278,0.3305165350303062,PA160abcpp
1148,PA161abcpp,-217.60808866000423,0.3305158890284632,PA161abcpp
1149,PA180abcpp,-251.8377625087433,0.3305153704536903,PA180abcpp
1150,PA181abcpp,-240.42787203963263,0.3305097241655153,PA181abcpp
1151,NTPP3,-47.872900703917374,0.6570611360808988,NTPP3
1152,NTPP4,-47.87695660419714,0.6570684981130265,NTPP4
1153,NTPP5,-47.86995356195877,0.6570647748581715,NTPP5
1154,NTPP6,-47.87415775167457,0.6570580948391992,NTPP6
1155,NTPP7,-47.862263070597,0.6570799283479228,NTPP7
1156,NTPP8,-47.86550427073593,0.6570709616016491,NTPP8
1157,NTPP9,-47.85890652973896,0.6570677584008031,NTPP9
1158,PACALDt2rpp,13.611630705799683,0.0,PACALDt2rpp
1159,PACALDtex,0.0,0.0,PACALDtex
1160,PANTS,-54.94315595618785,1.2901204957954848,PANTS
1161,NTPTP1,-20.890337907851567,0.5909624695777893,NTPTP1
1162,NTPTP2,-20.89030101168101,0.5909771919250488,NTPTP2
1163,PAPA120,-11.232082729223992,0.6161620616912842,PAPA120
1164,GALabcpp,-3.346905165709672,0.3305093771867307,GALabcpp
1165,PAPA120pp,-11.870152473449709,0.6161612868309021,PAPA120pp
1166,PAPA140,,,PAPA140
1167,PAPA140pp,,,PAPA140pp
1168,NTRIR2x,-372.4437556912612,2.757914476392964,NTRIR2x
1169,O2Stex,0.0,0.0,O2Stex
1170,O2tex,0.0,0.0,O2tex
1171,PAPA141,-11.23206556308624,0.6161667108535767,PAPA141
1172,O2tpp,0.0,0.0,O2tpp
1173,GALBDtex,-3.0517577442878974e-07,1.4632533748226706e-05,GALBDtex
1174,OAADC,-1.3226191814908042,1.737966570040872,OAADC
1175,OBTFL,-18.102000469618105,1.961591720581055,OBTFL
1176,OCBT,-38.26200912320574,1.842059563302587,OCBT
1177,PAPA141pp,-11.87014865875244,0.6161593794822693,PAPA141pp
1178,PAPA160,-11.232056980017848,0.6161468029022217,PAPA160
1179,PAPA160pp,-11.870136260986328,0.6161574721336365,PAPA160pp
1180,PAPA161,-11.232047443274286,0.6161525845527649,PAPA161
1181,PAPA161pp,-11.87011432647705,0.6161540150642395,PAPA161pp
1182,PAPA180,-11.232080821875332,0.6161636710166931,PAPA180
1183,PAPA180pp,-11.87016487121582,0.6161554455757141,PAPA180pp
1184,OCDCAtexi,3.662109293145477e-06,2.082363425870426e-05,OCDCAtexi
1185,OCDCEAtexi,1.220703097715159e-06,2.1107929569552653e-05,OCDCEAtexi
1186,OCTAtex,-2.136230477844947e-06,1.2400053492456207e-05,OCTAtex
1187,OCTDPS,-345.1052807457832,17.909910202026367,OCTDPS
1188,CTECOAI8,,,CTECOAI8
1189,PAPA181,-11.23205602634356,0.6161714196205139,PAPA181
1190,PAPA181pp,-11.870140075683594,0.6161738634109497,PAPA181pp
1191,OHPBAT,-0.6777217148282517,2.3116228580474854,OHPBAT
1192,PAPPT3,-0.4941597253050958,0.0004838221066165,PAPPT3
1193,PGK,19.599033951892764,0.5751651525497437,PGK
1194,PAPSR,-53.66058092854531,2.880401282092353,PAPSR
1195,PAPSR2,,,PAPSR2
1196,PDH,-24.301075779368915,1.9717549085617063,PDH
1197,PDX5POi,-120.5217970653458,5.060610294342041,PDX5POi
1198,PDX5PS,-135.33973662497235,14.212422299040496,PDX5PS
1199,PE120abcpp,-203.01433220839243,0.3305083443652867,PE120abcpp
1200,PE140abcpp,-225.83411314661416,0.3305121539882538,PE140abcpp
1201,PE141abcpp,-214.42421901539416,0.33050977417254,PE141abcpp
1202,OHPHM,-39.13563744007954,31.0832596640328,OHPHM
1203,OMBZLM,,,OMBZLM
1204,OMCDC,-1.3385146428304058,4.190628240751684,OMCDC
1205,PLIPA2A141pp,,,PLIPA2A141pp
1206,PLIPA2A160pp,,,PLIPA2A160pp
1207,PLIPA2A161pp,,,PLIPA2A161pp
1208,PLIPA2A180pp,-19.8926481628418,2.847272916569468,PLIPA2A180pp
1209,PLIPA2A181pp,,,PLIPA2A181pp
1210,PE160abcpp,-248.6538977469453,0.3305102891977348,PE160abcpp
1211,PE161abcpp,-237.24400117431907,0.3305039306010083,PE161abcpp
1212,PE180abcpp,-271.4736799058706,0.3304931433811802,PE180abcpp
1213,PE181abcpp,-260.06379187816526,0.3305216087649445,PE181abcpp
1214,PLIPA2E120pp,,,PLIPA2E120pp
1215,PLIPA2E140pp,,,PLIPA2E140pp
1216,PLIPA2E141pp,,,PLIPA2E141pp
1217,PLIPA2E160pp,-19.892704315185547,2.847304346649967,PLIPA2E160pp
1218,PLIPA2E161pp,,,PLIPA2E161pp
1219,PEAMNtex,1.220703097715159e-06,1.4900580936227923e-05,PEAMNtex
1220,PERD,20.31693125861865,1.801705819855104,PERD
1221,PFK,-27.60728679028187,0.8198164934031763,PFK
1222,PLIPA2E180pp,-19.8927018737793,2.847243224814934,PLIPA2E180pp
1223,PLIPA2E181pp,-19.4464762878418,40.00513656982139,PLIPA2E181pp
1224,PGL,-34.37864532004797,1.2351307367399884,PGL
1225,PLIPA2G120pp,,,PLIPA2G120pp
1226,PLIPA2G140pp,,,PLIPA2G140pp
1227,PFK_2,-27.607291673094373,0.8198189064303621,PFK_2
1228,PFL,-23.838175925595188,1.1782747507095337,PFL
1229,PG120abcpp,-203.01974737512447,0.3305174604927602,PG120abcpp
1230,PG140abcpp,-225.8395246512369,0.3305100573500735,PG140abcpp
1231,PLIPA2G141pp,,,PLIPA2G141pp
1232,PLIPA2G160pp,-19.89269088745117,2.847282076703594,PLIPA2G160pp
1233,PG141abcpp,-214.42962990966532,0.3305089274036341,PG141abcpp
1234,PLIPA2G161pp,,,PLIPA2G161pp
1235,PG160abcpp,-248.6593013169977,0.3305078969779319,PG160abcpp
1236,PGLYCP,-12.668862261941548,1.2646294832229614,PGLYCP
1237,PG161abcpp,-237.24941328929333,0.3305063349206947,PG161abcpp
1238,PLIPA2G180pp,-19.892703704833984,2.84724424713932,PLIPA2G180pp
1239,PLIPA2G181pp,,,PLIPA2G181pp
1240,PG180abcpp,-271.47908957943866,0.3304993983781711,PG180abcpp
1241,PG181abcpp,,,PG181abcpp
1242,PMANM,-6.936142614220394,0.5356407165527344,PMANM
1243,PMPK,-1.0794893708926523,0.1502919942140579,PMPK
1244,PNTK,-25.39893295510341,1.1545569544080383,PNTK
1245,PNTOt4pp,30.730495902094425,8.109798727673478e-06,PNTOt4pp
1246,PGAMT,-6.373984451262679,1.06839120388031,PGAMT
1247,PGCD,31.373909209805877,1.078061243505131,PGCD
1248,PGI,0.2607121873618467,0.1824330985546112,PGI
1249,PNTOtex,-2.288818308215923e-07,5.335668902262114e-06,PNTOtex
1250,POX,-141.23077546947698,26.40439224243164,POX
1251,PGM,-4.37498454048221,0.2890390455722809,PGM
1252,PPA,-26.703922133747877,0.2858358037874161,PPA
1253,PPA2,-37.3826701192627,0.3305291977420457,PPA2
1254,PPALtex,0.0,0.0,PPALtex
1255,PSD120,23.274462773200817,4.526221559479907,PSD120
1256,PSD140,23.27447681128673,4.526213165102975,PSD140
1257,PSD141,22.828258549568005,40.29651740614951,PSD141
1258,PPALtpp,-17.114837533674276,0.0,PPALtpp
1259,PPAt4pp,,,PPAt4pp
1260,PGMT,-6.936140230034603,0.5356408357620239,PGMT
1261,PPAtex,,,PPAtex
1262,PPBNGS,-80.11773288267872,13.638604723139238,PPBNGS
1263,PSD160,-6.236566730995861,40.5499022160123,PSD160
1264,PSD161,23.274463383552863,4.526229068913146,PSD161
1265,PSD180,-5.790352131386058,2.633690909638365,PSD180
1266,PPC,-50.90020487417709,1.75347128633864,PPC
1267,PSD181,22.82826221167735,40.29652203234962,PSD181
1268,PPCDC,-14.405451199854248,3.460293396213989,PPCDC
1269,PSERT,-9.883324038590658,0.4529724717140198,PSERT
1270,PPCK,13.323914401351942,1.8476288318634035,PPCK
1271,PGP120abcpp,-200.63732437908575,0.3305123721891777,PGP120abcpp
1272,PPCSCT,,,PPCSCT
1273,PPGPPDP,-33.46726688020053,2.0688087940216064,PPGPPDP
1274,PPK2,-0.1936199720923923,0.0002864259586203,PPK2
1275,PSERtex,1.220703097715159e-06,2.1107929569552653e-05,PSERtex
1276,PSP_L,-10.010144191647424,0.388668417930603,PSP_L
1277,PSSA120,-49.92261214288246,5.164570470337459,PSSA120
1278,PPK,-10.872377990261356,0.3840028643608093,PPK
1279,PPM,-6.936264854025275,0.5356382727622986,PPM
1280,PPM2,-5.447524658109177,1.5421565771102903,PPM2
1281,PPNCL2,-51.73248075126934,2.392414613987475,PPNCL2
1282,PPND,-112.82666891312536,11.583457946777344,PPND
1283,PSSA140,-49.922675314269625,5.1645769893426685,PSSA140
1284,PSSA141,-49.92265761407386,5.164565583780254,PSSA141
1285,PSSA160,,,PSSA160
1286,PPPGO,-573.7393610688306,60.83899688720703,PPPGO
1287,PSSA161,-49.92265059503134,5.164541524509122,PSSA161
1288,PGP140abcpp,-223.45711020012044,0.3305115806855355,PGP140abcpp
1289,PSSA180,-20.85778136915449,2.086579587142795,PSSA180
1290,PSSA181,-49.92261275323444,5.164565427501232,PSSA181
1291,PTA2,12.545136958400196,1.2565243244171145,PTA2
1292,PPPGO3,-86.95456360343383,60.9961051940918,PPPGO3
1293,PPPNt2rpp,16.47314326457739,2.638491282011503e-06,PPPNt2rpp
1294,PPPNtex,1.525878872143949e-07,2.638490968820406e-06,PPPNtex
1295,PTAr,10.882753852238524,0.7389951348304749,PTAr
1296,PGP141abcpp,-212.0472160689,0.3305158319964984,PGP141abcpp
1297,PTPATi,8.270766581343548,0.1503315367361576,PTPATi
1298,PTRCabcpp,2.349786087407672,0.3305093204080932,PTRCabcpp
1299,PGP160abcpp,-246.276896936682,0.3305043063927335,PGP160abcpp
1300,PTRCtex,0.0,1.9301010979688726e-05,PTRCtex
1301,PUNP1,9.254571078793935,0.5053935647010803,PUNP1
1302,PPS,-22.35525582975456,0.680766184303558,PPS
1303,PGP161abcpp,,,PGP161abcpp
1304,PPTtex,0.0,0.0,PPTtex
1305,PUNP2,8.937020387629802,1.7558610439300537,PUNP2
1306,PUNP3,9.235691048071196,0.5053871273994446,PUNP3
1307,PRAGSr,-38.96852564581387,5.481982457528315,PRAGSr
1308,PGP180abcpp,-269.0966763490249,0.3305196913569412,PGP180abcpp
1309,PRAIi,-17.42976723826522,5.432892322540283,PRAIi
1310,PUNP4,8.918356105898452,1.755859613418579,PUNP4
1311,PUNP5,9.244374596967624,0.5053905844688416,PUNP5
1312,PUNP6,8.926959968177002,1.7558640241622925,PUNP6
1313,PUNP7,6.105030658190675,1.6667146682739258,PUNP7
1314,PYAM5PO,-104.37919484562012,4.565636157989502,PYAM5PO
1315,PYDAMK,-24.14912704197737,2.865113702563786,PYDAMK
1316,PRAIS,-32.19842147176842,11.006311036213813,PRAIS
1317,PRAMPC,-21.22495612452218,22.929746627807617,PRAMPC
1318,PGP181abcpp,-257.68678587991377,0.3305070981098044,PGP181abcpp
1319,PRASCSi,-17.616540870476864,6.8423021301905065,PRASCSi
1320,PYDXK,-24.41328124094138,2.8651207518625497,PYDXK
1321,PYDXNK,-24.363998086023745,2.8651183354879635,PYDXNK
1322,PYK,-14.64653152290622,0.5352422568465158,PYK
1323,PRATPP,-47.81209865452595,0.6570745427952915,PRATPP
1324,PYNP2r,-2.068431322009273,1.5795248746871948,PYNP2r
1325,PRFGS,-7.923132053096366,6.467999625924559,PRFGS
1326,PGPP120,-10.596994147098702,0.4067286550998688,PGPP120
1327,PRMICI,-16.944003390068282,4.94478178024292,PRMICI
1328,PYRt2rpp,-0.6505891593953091,6.817110566311241e-06,PYRt2rpp
1329,PYRtex,3.0517577442878974e-07,5.276982392388163e-06,PYRtex
1330,QULNS,-204.89264733446527,10.594843864440918,QULNS
1331,PROabcpp,-11.90654224069864,0.3305116413093968,PROabcpp
1332,PGPP120pp,-11.091026306152344,0.4067180454730987,PGPP120pp
1333,PROD2,24.23896129012085,5.4622252159783615,PROD2
1334,PROGLYabcpp,-3.4281001510316718,0.3305120442365403,PROGLYabcpp
1335,R15BPK,-0.6195522824985105,0.1503390967845916,R15BPK
1336,R5Ptex,-2.441406195430318e-06,1.7089843822759576e-05,R5Ptex
1337,RBFK,-26.93246333812514,0.4125679529884779,RBFK
1338,PROGLYtex,-4.577636616431846e-07,7.303527127078269e-06,PROGLYtex
1339,PGPP140,-10.59704183081492,0.40672168135643,PGPP140
1340,PROt2rpp,16.461598214516524,1.045282738308969e-05,PROt2rpp
1341,PROtex,-2.288818308215923e-07,6.424565981433261e-06,PROtex
1342,RBFSa,-99.75461693873932,21.775266647338867,RBFSa
1343,RBFSb,-54.03629230080563,30.473636627197266,RBFSb
1344,RBK,-25.806933931719374,0.7890514863671377,RBK
1345,PROTRS,,,PROTRS
1346,PRPPS,-20.199167187137192,0.5740097827929223,PRPPS
1347,PSCLYSt2pp,37.5227812125847,1.7373590487659038e-05,PSCLYSt2pp
1348,PSCLYStex,3.0517577442878974e-07,1.447253907826962e-05,PSCLYStex
1349,PSCVT,-22.165823152383588,4.152378559112549,PSCVT
1350,RBK_L1,-23.454404515142272,0.9628724618244712,RBK_L1
1351,RBP4E,2.441406195430318e-06,1.7089843822759576e-05,RBP4E
1352,RHCCE,-31.51746142971079,3.797106504440308,RHCCE
1353,PGPP140pp,-11.09106159210205,0.4067245721817016,PGPP140pp
1354,RIBabcpp,-9.051837343045705,0.3305114139054129,RIBabcpp
1355,PGPP141,-10.597008452213393,0.4067305326461792,PGPP141
1356,RIBtex,0.0,0.0,RIBtex
1357,RNDR4,-59.05929522538877,2.909297466278076,RNDR4
1358,PGPP141pp,-11.09103012084961,0.406724750995636,PGPP141pp
1359,RNDR4b,,,RNDR4b
1360,RMI,1.8415745340828664,1.0195250511169434,RMI
1361,RMK,-25.33505585575878,1.0548012810937966,RMK
1362,RNTR1c,,,RNTR1c
1363,PGPP160,-10.597045645512214,0.4067490100860595,PGPP160
1364,RNTR2c,,,RNTR2c
1365,RNTR3c,,,RNTR3c
1366,RMNtex,-6.103515488575795e-07,1.4300993825600015e-05,RMNtex
1367,RMNtpp,25.02124184955988,1.4632534295333072e-05,RMNtpp
1368,RMPA,16.2008106201019,1.1469149589538574,RMPA
1369,RNTR4c,,,RNTR4c
1370,RNDR1,-59.067037104520416,2.909294843673706,RNDR1
1371,RPE,2.441406195430318e-06,2.4291684894706123e-05,RPE
1372,PGPP160pp,-11.091063499450684,0.4067510366439819,PGPP160pp
1373,RPI,4.938282583609173,0.6056759357452393,RPI
1374,SADH,-36.96844297707747,4.167240173104795,SADH
1375,SADT2,20.78255238458732,0.7222272753715515,SADT2
1376,RNDR1b,,,RNDR1b
1377,RNDR2,-59.06731252943634,2.9092979431152344,RNDR2
1378,RNDR2b,,,RNDR2b
1379,RNDR3,-59.06735166332331,2.9093024730682373,RNDR3
1380,RNDR3b,,,RNDR3b
1381,SARCOX,-85.7081349618221,5.383790969848633,SARCOX
1382,PGPP161,,,PGPP161
1383,SBTptspp,-1.7021319437948534,0.5327932834625244,SBTptspp
1384,SBTtex,-9.155273232863692e-07,2.0451330783544108e-05,SBTtex
1385,SDPDS,4.342002584613335,1.2106356620788574,SDPDS
1386,SELCYSS,-60.82297065275429,11.873331312832525,SELCYSS
1387,PGPP161pp,,,PGPP161pp
1388,SELNPS,-30.09685352967441,12.439032554626465,SELNPS
1389,SERAT,-11.423234038262052,1.7772417068481443,SERAT
1390,SULFACabcpp,-31.87132431001968,0.3305114139054129,SULFACabcpp
1391,SULFACtex,0.0,0.0,SULFACtex
1392,SERD_L,-28.29952397623719,1.0928906202316284,SERD_L
1393,PGPP180,-10.597018942630928,0.4067568778991699,PGPP180
1394,SERt2rpp,10.69001536745412,6.24492856740757e-06,SERt2rpp
1395,SERt4pp,4.985278234644001,1.1099130460934248e-05,SERt4pp
1396,SULR,-101.49645741331936,2.8997951931491657,SULR
1397,T2DECAI,,,T2DECAI
1398,TALA,-2.1521136193959123,1.0990545749664309,TALA
1399,SERtex,3.0517577442878974e-07,7.469017418770818e-06,SERtex
1400,PGPP180pp,-11.091039657592772,0.4067404866218567,PGPP180pp
1401,SERTRS,,,SERTRS
1402,TARTRt7pp,-0.0697882974334529,4.219379479764029e-05,TARTRt7pp
1403,TARTRtex,-6.103515488575795e-07,1.0553964784776326e-05,TARTRtex
1404,TAUDO,-426.1426282956746,25.82518343979365,TAUDO
1405,TAURabcpp,-17.6332561631719,0.3305112671562722,TAURabcpp
1406,TAURtex,6.103515488575795e-07,6.4449195633642375e-06,TAURtex
1407,SERTRS2,,,SERTRS2
1408,SFGTHi,-48.212024748561895,4.293260778170817,SFGTHi
1409,SGDS,4.265291631782377,1.1126306056976318,SGDS
1410,SGSAD,-50.53599933820641,1.5647282930307136,SGSAD
1411,SHCHCS2,,,SHCHCS2
1412,TCYNTtex,0.0,0.0,TCYNTtex
1413,CTECOAI6,-8.633637428283691,3.582441806793213,CTECOAI6
1414,SHCHD2,-50.41172189145931,38.49064976007527,SHCHD2
1415,TDPAGTA,1.1764649146373358,2.309225082397461,TDPAGTA
1416,PGPP181,,,PGPP181
1417,TDPGDH,-40.27069945034293,2.668853044509888,TDPGDH
1418,TDSK,-17.102058139592668,1.8119435240737447,TDSK
1419,SHCHF,333.25815645520584,61.20007627692527,SHCHF
1420,SHK3Dr,-9.068252136230956,1.053371269700826,SHK3Dr
1421,SHKK,-20.436310128384587,1.3080573898502887,SHKK
1422,SKMt2pp,16.46624638885173,3.03646068452948e-06,SKMt2pp
1423,TDSR1,0.0,0.0,TDSR1
1424,TDSR2,0.0,0.0,TDSR2
1425,PGPP181pp,,,PGPP181pp
1426,TGBPA,22.117433418143666,0.5638477802276611,TGBPA
1427,THD2pp,-18.416445939180196,0.0001663877020156,THD2pp
1428,SKMtex,0.0,4.315837031754199e-06,SKMtex
1429,SO2tex,0.0,0.0,SO2tex
1430,SO2tpp,0.0,0.0,SO2tpp
1431,THDPS,-39.02265346478147,4.366922378540039,THDPS
1432,THIORDXi,-307.7716925050269,3.6949830055236816,THIORDXi
1433,SO3tex,0.0,0.0,SO3tex
1434,PGSA120,-20.299259651827164,2.024061214210716,PGSA120
1435,SO4tex,0.0,0.0,SO4tex
1436,SOTA,2.5710740007085384,1.7711676359176636,SOTA
1437,SPMDAT1,-45.018539276885626,2.574974537799636,SPMDAT1
1438,SPMDAT2,-45.1079015967017,2.475181568658443,SPMDAT2
1439,SPMDtex,0.0,1.4950498552934732e-05,SPMDtex
1440,SPMS,-45.19888191021925,28.601571408217183,SPMS
1441,SPODM,82.37072191188074,25.737049606612157,SPODM
1442,THMabcpp,10.97257222045974,0.3305156785765195,THMabcpp
1443,THMDt2pp,30.691777354391917,9.948683662538475e-06,THMDt2pp
1444,THMDtex,9.155273232863692e-07,1.0308438504580408e-05,THMDtex
1445,THMtex,-4.882812390860636e-06,2.3920800231280737e-05,THMtex
1446,THRA2,4.943670466689829,1.696030855178833,THRA2
1447,THRabcpp,-11.962954340988256,0.3305117122876267,THRabcpp
1448,THRA,4.943670943526987,1.696030855178833,THRA
1449,THRD,13.987619014280735,3.2851561371377,THRD
1450,SPODMpp,58.45570260047913,25.737049606612157,SPODMpp
1451,SSALy,-49.9011514881006,1.485648390565809,SSALy
1452,SUCBZL,-8.780149517877419,0.5669540166854858,SUCBZL
1453,THRD_L,-20.46226123288365,1.947560429573059,THRD_L
1454,SUCBZS,-148.12735094855597,7.040372848510742,SUCBZS
1455,PGSA140,-20.29931061618269,2.024080237491348,PGSA140
1456,SUCCt2_2pp,-6.926063009570927,1.6136845784182477e-05,SUCCt2_2pp
1457,SUCCt2_3pp,-16.134215087117425,1.6136845784182477e-05,SUCCt2_3pp
1458,THRPtex,0.0,2.441406286379788e-05,THRPtex
1459,THRS,-17.673379487054756,2.410520315170288,THRS
1460,THRt2pp,-34.82149026931991,3.725145146403107e-06,THRt2pp
1461,SUCCtex,0.0,1.4950498552934732e-05,SUCCtex
1462,SUCDi,-7.94564319361757,26.292387008666992,SUCDi
1463,PGSA141,-20.2992660605186,2.0240782617120523,PGSA141
1464,SUCFUMtpp,-5.780327417238189,4.565821654978208e-05,SUCFUMtpp
1465,THRt4pp,10.70044867624099,8.62627803144278e-06,THRt4pp
1466,THRtex,0.0,2.1579185158771e-06,THRtex
1467,SUCOAS,1.4422485133485026,0.3724893033504486,SUCOAS
1468,THRTRS,,,THRTRS
1469,PGSA160,,,PGSA160
1470,THYMt3pp,-26.289259759326946,0.0,THYMt3pp
1471,THYMtex,0.0,0.0,THYMtex
1472,SUCptspp_1,,,SUCptspp_1
1473,SULabcpp,-37.576279144127405,0.3305114139054129,SULabcpp
1474,THZPSN,-164.65625161782842,33.184329474448795,THZPSN
1475,TKT1,6.258257412252682,0.872168779373169,TKT1
1476,TKT2,-8.182916139247137,1.484090805053711,TKT2
1477,TMAOtex,-1.220703097715159e-06,9.57299107540166e-06,TMAOtex
1478,TTDCEAtexi,,,TTDCEAtexi
1479,TMAtex,6.103515488575795e-07,7.450290468113962e-06,TMAtex
1480,PGSA161,,,PGSA161
1481,TMDK1,-27.175255859923396,0.4125871176458368,TMDK1
1482,TMDS,-33.76995829652801,6.232312679290772,TMDS
1483,TUNGSabcpp,-37.575953239546514,0.3305114139054129,TUNGSabcpp
1484,TUNGStex,0.0,0.0,TUNGStex
1485,TMK,,,TMK
1486,TYMtex,2.746582140389364e-06,1.2279298061912414e-05,TYMtex
1487,PGSA180,-20.29923523776421,2.024067925383172,PGSA180
1488,TYRPtex,-6.103515488575795e-07,2.0233866962371397e-05,TYRPtex
1489,TMPK,-0.9442321923556704,0.1503152996301651,TMPK
1490,TMPPP,-10.899880542625898,1.9271095363995991,TMPPP
1491,PGSA181,-20.299235237764723,2.0240446327881894,PGSA181
1492,TPI,5.299522488357354,0.558411180973053,TPI
1493,TRDR,-13.197155335658827,1.357872313753872,TRDR
1494,TYRt2rpp,22.121023244868116,5.276982564023006e-06,TYRt2rpp
1495,TYRTA,-3.836554310145182,1.1636542081832886,TYRTA
1496,TYRtex,-7.629394644936838e-07,1.0207433660980314e-05,TYRtex
1497,TRE6PH,-14.351038024383849,1.094614028930664,TRE6PH
1498,TYRTRS,,,TYRTRS
1499,TREptspp,20.927245604001484,0.5328025221824646,TREptspp
1500,PHEMEabcpp,-123.1575597075726,0.3305222444770916,PHEMEabcpp
1501,TREtex,6.103515488575795e-07,2.199807386205066e-05,TREtex
1502,U23GAAT,-56.50975989517811,5.28550060417153,U23GAAT
1503,UAAGDS,-50.86572836835106,40.93556749738568,UAAGDS
1504,UACGAMtex,-2.441406195430318e-06,6.454738468164578e-05,UACGAMtex
1505,UACMAMO,-23.891120841352997,2.2086265066156114,UACMAMO
1506,UAG2E,7.324218586290954e-06,4.164726851740852e-05,UAG2E
1507,TRPS1,-27.14469388806775,3.0624687671661377,TRPS1
1508,TRPS2,-48.8876652223488,1.1874854564666748,TRPS2
1509,TRPS3,21.742963704886524,2.7019741535186768,TRPS3
1510,TRPt2rpp,25.000031154105656,1.803121490078424e-05,TRPt2rpp
1511,TRPtex,9.155273232863692e-07,1.999076084757689e-05,TRPtex
1512,UAGAAT,-5.010318558729836,3.4017837047576904,UAGAAT
1513,UAGCVT,-21.134728809430328,4.370331287384033,UAGCVT
1514,TRPTRS,,,TRPTRS
1515,TSULabcpp,-34.72381960940949,0.3305114139054129,TSULabcpp
1516,PHEMEtiex,-8.544921911379788e-06,3.56102354999166e-05,PHEMEtiex
1517,TSULtex,0.0,0.0,TSULtex
1518,TTDCAtexi,,,TTDCAtexi
1519,UAGDP,8.795482533723273,0.1502985057294208,UAGDP
1520,UAGPT3,-22.85975405572553,1.2966370834399443,UAGPT3
1521,UAMAGS,-37.223308772685854,2.281141765720036,UAMAGS
1522,UAMAS,-36.83828271554744,2.7189886487171493,UAMAS
1523,PHEt2rpp,22.149910131761832,1.5175400806504008e-05,PHEt2rpp
1524,UAPGR,-48.82805545884034,4.99564548974597,UAPGR
1525,PHETA1,-3.848242431713853,1.163658618927002,PHETA1
1526,UDCPDP,-36.499844665033976,0.339522556624881,UDCPDP
1527,UDCPDPpp,-24.480433197021483,0.3395005602752144,UDCPDPpp
1528,UDCPDPS,-552.1683637440347,28.655805587768555,UDCPDPS
1529,XYLabcpp,-9.051837343045705,0.3305114139054129,XYLabcpp
1530,XYLI1,2.585753805993857,0.5350438952445984,XYLI1
1531,UDPACGALtex,4.882812390860636e-06,6.888054485898465e-05,UDPACGALtex
1532,XYLI2,0.261422820029928,0.1824391931295395,XYLI2
1533,PHEtex,1.220703097715159e-06,1.1556456229300238e-05,PHEtex
1534,XYLK,-23.454402684087587,0.962868818418156,XYLK
1535,XYLK2,-23.45440146338446,0.962870466583966,XYLK2
1536,UDPG4E,2.441406195430318e-06,4.2215859139105305e-05,UDPG4E
1537,UDPGALtex,2.441406195430318e-06,2.429168853268493e-05,UDPGALtex
1538,UDPGD,-23.89375438566932,2.2086055984214408,UDPGD
1539,UDPGDC,17.9034918563894,2.8943839073181152,UDPGDC
1540,UDPGLCURtex,9.765624781721272e-06,5.899924872210249e-05,UDPGLCURtex
1541,UDPGtex,0.0,0.0,UDPGtex
1542,UDPKAAT,0.7434806017602256,2.3638126850128174,UDPKAAT
1543,UGLT,9.765624774615844e-06,9.08255678950809e-05,UGLT
1544,XYLtex,0.0,0.0,XYLtex
1545,XYLUt2pp,19.31382177831652,0.0,XYLUt2pp
1546,XYLUtex,-3.0517577442878974e-07,3.036461066585616e-06,XYLUtex
1547,ZN2abcpp,-10.602778017229252,0.3305114139054129,ZN2abcpp
1548,ZN2t3pp,17.765362437985914,0.0,ZN2t3pp
1549,Zn2tex,0.0,0.0,Zn2tex
1550,ZNabcpp,-64.54980704829407,0.3305114139054129,ZNabcpp
1551,PMDPHT,-10.586019638757424,0.4067403972148895,PMDPHT
1552,UGMDDS,-26.042965770913213,41.28527935010322,UGMDDS
1553,UHGADA,11.198672003596442,4.200436592102051,UHGADA
1554,ULA4NFT,-25.56434839044805,4.164344706315693,ULA4NFT
1555,NADS1,-10.375138135154858,6.366034438581254,NADS1
1556,PHETRS,,,PHETRS
1557,UM3PL,,,UM3PL
1558,UM4PL,-26.01417646675313,41.896772144718106,UM4PL
1559,UMPK,-0.5831201487563291,0.150305762887001,UMPK
1560,NADS2,-22.16353714382131,6.407924998746123,NADS2
1561,PHYTSpp,-143.4963836669922,11.280360221862791,PHYTSpp
1562,GALUi,8.805887129982931,0.1503194618000784,GALUi
1563,UMPtex,0.0,2.441406286379788e-05,UMPtex
1564,UPLA4FNT,44.45522391052842,6.909360885620117,UPLA4FNT
1565,DASYN120,8.72081656547376,0.1503216823974726,DASYN120
1566,UPP3MT,-7.279305657250403,73.69797024259181,UPP3MT
1567,PIt2rpp,-5.391599213582852,0.0,PIt2rpp
1568,UPP3S,-65.68686159717281,12.309582710266112,UPP3S
1569,DASYN141,8.720845557173462,0.1503356479940361,DASYN141
1570,DASYN140,8.720882178267182,0.1503714610160463,DASYN140
1571,DASYN161,8.72087454887265,0.1503240020667521,DASYN161
1572,DASYN160,,,DASYN160
1573,DASYN181,8.720847693403446,0.1503295946760095,DASYN181
1574,UPPDC1,16.411625733419513,19.39838834058213,UPPDC1
1575,UPPRT,-8.273344541247717,1.622284770011902,UPPRT
1576,URAt2pp_copy1,2.112793867219242,0.0,URAt2pp_copy1
1577,URAt2pp_copy2,2.112793867219242,0.0,URAt2pp_copy2
1578,URAtex,0.0,0.0,URAtex
1579,URIDK2r,-0.5853784937478039,0.1503342092037201,URIDK2r
1580,DASYN180,8.72084647270035,0.1503185010295029,DASYN180
1581,DNMPPA,-10.577632735530065,0.4067342877388,DNMPPA
1582,GCALDD,-58.39539108495727,2.3204075143680165,GCALDD
1583,URIK2,-27.17922581818768,0.4125673778622973,URIK2
1584,PItex,0.0,0.0,PItex
1585,URIt2pp_copy1,24.984025113951645,1.220703125e-05,URIt2pp_copy1
1586,URIt2pp_copy2,24.984025113951645,1.220703125e-05,URIt2pp_copy2
1587,URItex,-6.103515488575795e-07,1.1402307791286148e-05,URItex
1588,GLYCTO2,-35.9608008048568,26.2995548248291,GLYCTO2
1589,GLYCTO3,-12.218943341174224,23.553062438964844,GLYCTO3
1590,GLYCTO4,-18.00323392228182,21.01027107238769,GLYCTO4
1591,USHD,-56.66240143639187,0.6906285139857754,USHD
1592,PIuabcpp,-33.75973966879802,0.3305114139054129,PIuabcpp
1593,VALabcpp,-6.21255021945678,0.3305108429466887,VALabcpp
1594,VALt2rpp,22.155590235758385,5.205908846811517e-06,VALt2rpp
1595,VALTA,-1.149107795707895,2.827932119369507,VALTA
1596,DHQTi,-6.0784484455007055,3.0199921131134038,DHQTi
1597,MTRK,-20.24421006319733,0.5740060862516603,MTRK
1598,VALtex,0.0,7.475249276467366e-06,VALtex
1599,MTRI,-3.78984276582165,1.843382477760315,MTRI
1600,PLIPA1A120pp,,,PLIPA1A120pp
1601,MDRPD,-59.26402563283128,4.377951145172119,MDRPD
1602,VALTRS,,,VALTRS
1603,PLIPA1A140pp,,,PLIPA1A140pp
1604,VPAMTr,4.039764620977969,2.7971112728118896,VPAMTr
1605,XANtex,4.577636616431846e-07,9.03173440747196e-06,XANtex
1606,XANtpp,9.499711212766858,5.060192506789463e-06,XANtpp
1607,XMPtex,2.441406195430318e-06,3.444027606747113e-05,XMPtex
1608,XPPT,-16.44752336117807,1.7072383165359497,XPPT
1609,XTSNt2rpp,24.885885184475285,1.3420796769589858e-05,XTSNt2rpp
1610,XTSNtex,-2.136230477844947e-06,1.2018657798762432e-05,XTSNtex
1611,23DK5MPPISO,6.51836192255351,9.520326614379885,23DK5MPPISO
1612,2OH3K5MPPISO,-35.517463572438174,4.577010154724121,2OH3K5MPPISO
1613,ENOPH,-28.99910403407045,10.200830459594728,ENOPH
1614,ARD,-495.6093124183921,9.589725656562488,ARD
1615,UNK3,-0.8642112434681124,1.7815090417861938,UNK3
1616,EAR40x,,,EAR40x
1617,EAR60x,,,EAR60x
1618,EAR80x,,,EAR80x
1619,EX_cyan_e,,,EX_cyan_e
1620,PLIPA1A141pp,,,PLIPA1A141pp
1621,EAR100x,,,EAR100x
1622,EAR120x,,,EAR120x
1623,EAR121x,-63.62195018571966,3.83859423848364,EAR121x
1624,PLIPA1A160pp,-14.820090293884276,2.1306076049804688,PLIPA1A160pp
1625,EAR140x,,,EAR140x
1626,EAR141x,,,EAR141x
1627,EAR160x,,,EAR160x
1628,EAR161x,,,EAR161x
1629,PLIPA1A161pp,,,PLIPA1A161pp
1630,EAR180x,,,EAR180x
1631,EAR181x,,,EAR181x
1632,PLIPA1A180pp,-14.820073127746582,2.1305594444274902,PLIPA1A180pp
1633,EAR40y,,,EAR40y
1634,EAR60y,,,EAR60y
1635,EAR80y,,,EAR80y
1636,PLIPA1A181pp,,,PLIPA1A181pp
1637,EAR100y,,,EAR100y
1638,EAR120y,,,EAR120y
1639,FEex,,,FEex
1640,EAR121y,-63.62180840163246,3.838611367534008,EAR121y
1641,PLIPA1E120pp,,,PLIPA1E120pp
1642,EAR140y,,,EAR140y
1643,EAR141y,,,EAR141y
1644,EAR160y,,,EAR160y
1645,EAR161y,,,EAR161y
1646,FEpp,,,FEpp
1647,LPS_YPtetra,,,LPS_YPtetra
1648,LPS_YPpenta,,,LPS_YPpenta
1649,LPS_YPhexa,,,LPS_YPhexa
1650,BIOMASS_25C,,,BIOMASS_25C
1651,BIOMASS_37C,,,BIOMASS_37C
1652,EAR180y,,,EAR180y
1653,EAR181y,,,EAR181y
1654,EX_12ppd__R_e,,,EX_12ppd__R_e
1655,PLIPA1E140pp,,,PLIPA1E140pp
1656,EX_12ppd__S_e,,,EX_12ppd__S_e
1657,EX_14glucan_e,,,EX_14glucan_e
1658,EX_23camp_e,,,EX_23camp_e
1659,S7PI,-0.7347867458183828,1.2316770553588867,S7PI
1660,ARGDC,-9.366747848427032,2.190677737842682,ARGDC
1661,PLIPA1E141pp,,,PLIPA1E141pp
1662,GLYOX_1,18.06432842148968,2.5235674381256104,GLYOX_1
1663,A5PISO,4.823767487269436,0.9543103575706482,A5PISO
1664,EX_23ccmp_e,,,EX_23ccmp_e
1665,EX_23cgmp_e,,,EX_23cgmp_e
1666,LAURTRANS,,,LAURTRANS
1667,EX_23cump_e,,,EX_23cump_e
1668,PLIPA1E160pp,-14.373875885009763,39.97550727932997,PLIPA1E160pp
1669,EX_23dappa_e,,,EX_23dappa_e
1670,EX_26dap__M_e,,,EX_26dap__M_e
1671,KOKDO_LIPAhexa,,,KOKDO_LIPAhexa
1672,PALMITTRANS,,,PALMITTRANS
1673,LACZ,-13.36854775630107,0.7894209027290344,LACZ
1674,EX_34dhpac_e,,,EX_34dhpac_e
1675,EX_3amp_e,,,EX_3amp_e
1676,PLIPA1E161pp,,,PLIPA1E161pp
1677,EX_3cmp_e,,,EX_3cmp_e
1678,EX_3gmp_e,,,EX_3gmp_e
1679,EX_LalaDgluMdap_e,,,EX_LalaDgluMdap_e
1680,EX_3ump_e,,,EX_3ump_e
1681,EX_4hoxpacd_e,,,EX_4hoxpacd_e
1682,SALSYN,-188.8899415753362,8.009394645690918,SALSYN
1683,ADK1,-0.5745149361891464,0.150327056646347,ADK1
1684,CPK1,-0.5715181027507725,0.1503074020147323,CPK1
1685,TPK1,,,TPK1
1686,DADK_copy2,-0.578684947762163,0.1503151804208755,DADK_copy2
1687,CYTK2_1,-0.5756056786174994,0.1503088325262069,CYTK2_1
1688,EX_LalaDgluMdapDala_e,,,EX_LalaDgluMdapDala_e
1689,EX_5dglcn_e,,,EX_5dglcn_e
1690,EX_4abut_e,,,EX_4abut_e
1691,DYTK2,,,DYTK2
1692,PLIPA1E180pp,-15.266357879638672,40.79869431045218,PLIPA1E180pp
1693,G1PCTYT,8.7942309747214,0.1503273721225474,G1PCTYT
1694,EX_acac_e,,,EX_acac_e
1695,EX_acald_e,,,EX_acald_e
1696,EX_acgal1p_e,,,EX_acgal1p_e
1697,EX_acgal_e,,,EX_acgal_e
1698,EX_acgam1p_e,,,EX_acgam1p_e
1699,PLIPA1E181pp,-19.892705535888677,2.847258951508774,PLIPA1E181pp
1700,EX_acgam_e,,,EX_acgam_e
1701,EX_acmana_e,,,EX_acmana_e
1702,CDPGD,,,CDPGD
1703,EX_acmum_e,,,EX_acmum_e
1704,PLIPA1G120pp,,,PLIPA1G120pp
1705,EX_acnam_e,,,EX_acnam_e
1706,UREAtex,0.0,0.0,UREAtex
1707,UREAtpp,11.409891680474953,0.0,UREAtpp
1708,EX_acolipa_e,,,EX_acolipa_e
1709,PLIPA1G140pp,,,PLIPA1G140pp
1710,EX_acser_e,,,EX_acser_e
1711,EX_ac_e,,,EX_ac_e
1712,EX_ade_e,,,EX_ade_e
1713,EX_cynt_e,,,EX_cynt_e
1714,PLIPA1G141pp,,,PLIPA1G141pp
1715,EX_dump_e,,,EX_dump_e
1716,EX_duri_e,,,EX_duri_e
1717,EX_adn_e,,,EX_adn_e
1718,EX_adocbl_e,,,EX_adocbl_e
1719,EX_agm_e,,,EX_agm_e
1720,EX_akg_e,,,EX_akg_e
1721,EX_alaala_e,,,EX_alaala_e
1722,EX_ala__L_e,,,EX_ala__L_e
1723,EX_all__D_e,,,EX_all__D_e
1724,EX_etha_e,,,EX_etha_e
1725,EX_ethso3_e,,,EX_ethso3_e
1726,EX_etoh_e,,,EX_etoh_e
1727,EX_alltn_e,,,EX_alltn_e
1728,PLIPA1G160pp,-14.820104217529297,2.1305860194131427,PLIPA1G160pp
1729,EX_amp_e,,,EX_amp_e
1730,EX_anhgm_e,,,EX_anhgm_e
1731,EX_arab__L_e,,,EX_arab__L_e
1732,EX_f6p_e,,,EX_f6p_e
1733,EX_fald_e,,,EX_fald_e
1734,EX_fe2_e,,,EX_fe2_e
1735,EX_arg__L_e,,,EX_arg__L_e
1736,PLIPA1G161pp,,,PLIPA1G161pp
1737,EX_ascb__L_e,,,EX_ascb__L_e
1738,EX_asn__L_e,,,EX_asn__L_e
1739,EX_fe3dcit_e,,,EX_fe3dcit_e
1740,EX_fe3dhbzs_e,,,EX_fe3dhbzs_e
1741,EX_fe3hox_e,,,EX_fe3hox_e
1742,EX_aso3_e,,,EX_aso3_e
1743,EX_asp__L_e,,,EX_asp__L_e
1744,EX_fe3_e,,,EX_fe3_e
1745,PLIPA1G180pp,-14.820128631591796,2.1306111038513453,PLIPA1G180pp
1746,EX_fecrm_e,,,EX_fecrm_e
1747,EX_ala_B_e,,,EX_ala_B_e
1748,EX_butso3_e,,,EX_butso3_e
1749,EX_feenter_e,,,EX_feenter_e
1750,EX_but_e,,,EX_but_e
1751,PLIPA1G181pp,,,PLIPA1G181pp
1752,EX_ca2_e,,,EX_ca2_e
1753,EX_feoxam_e,,,EX_feoxam_e
1754,EX_for_e,,,EX_for_e
1755,EX_frulys_e,,,EX_frulys_e
1756,EX_fru_e,,,EX_fru_e
1757,EX_fruur_e,,,EX_fruur_e
1758,EX_cbi_e,,,EX_cbi_e
1759,EX_cbl1_e,,,EX_cbl1_e
1760,EX_cd2_e,,,EX_cd2_e
1761,EX_cgly_e,,,EX_cgly_e
1762,EX_chol_e,,,EX_chol_e
1763,EX_cit_e,,,EX_cit_e
1764,PLIPA2A120pp,,,PLIPA2A120pp
1765,EX_cl_e,,,EX_cl_e
1766,EX_cmp_e,,,EX_cmp_e
1767,EX_co2_e,,,EX_co2_e
1768,EX_cobalt2_e,,,EX_cobalt2_e
1769,EX_fuc__L_e,,,EX_fuc__L_e
1770,EX_fum_e,,,EX_fum_e
1771,EX_colipa_e,,,EX_colipa_e
1772,PLIPA2A140pp,,,PLIPA2A140pp
1773,EX_cpgn_e,,,EX_cpgn_e
1774,EX_crn_e,,,EX_crn_e
1775,EX_csn_e,,,EX_csn_e
1776,EX_g1p_e,,,EX_g1p_e
1777,EX_g3pc_e,,,EX_g3pc_e
1778,EX_cu2_e,,,EX_cu2_e
1779,EX_tre_e,,,EX_tre_e
1780,EX_g3pe_e,,,EX_g3pe_e
1781,EX_g3pg_e,,,EX_g3pg_e
1782,EX_g3pi_e,,,EX_g3pi_e
1783,EX_g3ps_e,,,EX_g3ps_e
1784,EX_g6p_e,,,EX_g6p_e
1785,EX_gal1p_e,,,EX_gal1p_e
1786,EX_lcts_e,,,EX_lcts_e
1787,EX_leu__L_e,,,EX_leu__L_e
1788,EX_trp__L_e,,,EX_trp__L_e
1789,EX_lac__L_e,,,EX_lac__L_e
1790,EX_gal_bD_e,,,EX_gal_bD_e
1791,EX_tsul_e,,,EX_tsul_e
1792,EX_galctn__L_e,,,EX_galctn__L_e
1793,EX_galctn__D_e,,,EX_galctn__D_e
1794,EX_lys__L_e,,,EX_lys__L_e
1795,EX_lyx__L_e,,,EX_lyx__L_e
1796,EX_mal__D_e,,,EX_mal__D_e
1797,EX_mal__L_e,,,EX_mal__L_e
1798,EX_malthx_e,,,EX_malthx_e
1799,EX_maltpt_e,,,EX_maltpt_e
1800,EX_malt_e,,,EX_malt_e
1801,EX_galct__D_e,,,EX_galct__D_e
1802,EX_gal_e,,,EX_gal_e
1803,EX_galt_e,,,EX_galt_e
1804,EX_galur_e,,,EX_galur_e
1805,EX_gam6p_e,,,EX_gam6p_e
1806,EX_gam_e,,,EX_gam_e
1807,EX_malttr_e,,,EX_malttr_e
1808,EX_maltttr_e,,,EX_maltttr_e
1809,EX_ttdca_e,,,EX_ttdca_e
1810,EX_man6p_e,,,EX_man6p_e
1811,EX_manglyc_e,,,EX_manglyc_e
1812,EX_gbbtn_e,,,EX_gbbtn_e
1813,EX_gdp_e,,,EX_gdp_e
1814,EX_glcn_e,,,EX_glcn_e
1815,EX_glcr_e,,,EX_glcr_e
1816,EX_man_e,,,EX_man_e
1817,EX_melib_e,,,EX_melib_e
1818,EX_glc__D_e,,,EX_glc__D_e
1819,EX_ttdcea_e,,,EX_ttdcea_e
1820,EX_glcur1p_e,,,EX_glcur1p_e
1821,EX_met__D_e,,,EX_met__D_e
1822,EX_metsox_S__L_e,,,EX_metsox_S__L_e
1823,EX_glcur_e,,,EX_glcur_e
1824,EX_tungs_e,,,EX_tungs_e
1825,EX_gln__L_e,,,EX_gln__L_e
1826,EX_metsox_R__L_e,,,EX_metsox_R__L_e
1827,EX_met__L_e,,,EX_met__L_e
1828,EX_glu__L_e,,,EX_glu__L_e
1829,EX_mg2_e,,,EX_mg2_e
1830,EX_glyald_e,,,EX_glyald_e
1831,EX_tym_e,,,EX_tym_e
1832,EX_glyb_e,,,EX_glyb_e
1833,EX_minohp_e,,,EX_minohp_e
1834,EX_mmet_e,,,EX_mmet_e
1835,EX_glyc2p_e,,,EX_glyc2p_e
1836,EX_tyrp_e,,,EX_tyrp_e
1837,EX_glyc3p_e,,,EX_glyc3p_e
1838,EX_glyc__R_e,,,EX_glyc__R_e
1839,EX_glyclt_e,,,EX_glyclt_e
1840,EX_glyc_e,,,EX_glyc_e
1841,EX_gly_e,,,EX_gly_e
1842,EX_mnl_e,,,EX_mnl_e
1843,EX_mn2_e,,,EX_mn2_e
1844,EX_mobd_e,,,EX_mobd_e
1845,EX_mso3_e,,,EX_mso3_e
1846,EX_n2o_e,,,EX_n2o_e
1847,EX_nac_e,,,EX_nac_e
1848,EX_na1_e,,,EX_na1_e
1849,EX_gmp_e,,,EX_gmp_e
1850,EX_gsn_e,,,EX_gsn_e
1851,EX_gthox_e,,,EX_gthox_e
1852,EX_nh4_e,,,EX_nh4_e
1853,EX_ni2_e,,,EX_ni2_e
1854,EX_gthrd_e,,,EX_gthrd_e
1855,EX_nmn_e,,,EX_nmn_e
1856,EX_gtp_e,,,EX_gtp_e
1857,EX_no2_e,,,EX_no2_e
1858,EX_tyr__L_e,,,EX_tyr__L_e
1859,EX_no3_e,,,EX_no3_e
1860,EX_no_e,,,EX_no_e
1861,EX_h2o2_e,,,EX_h2o2_e
1862,EX_h2o_e,,,EX_h2o_e
1863,EX_h2s_e,,,EX_h2s_e
1864,EX_h2_e,,,EX_h2_e
1865,EX_o2s_e,,,EX_o2s_e
1866,EX_uacgam_e,,,EX_uacgam_e
1867,EX_o2_e,,,EX_o2_e
1868,EX_ocdca_e,,,EX_ocdca_e
1869,EX_ocdcea_e,,,EX_ocdcea_e
1870,EX_3hcinnm_e,,,EX_3hcinnm_e
1871,EX_udpacgal_e,,,EX_udpacgal_e
1872,EX_hdca_e,,,EX_hdca_e
1873,EX_hdcea_e,,,EX_hdcea_e
1874,EX_octa_e,,,EX_octa_e
1875,EX_orn_e,,,EX_orn_e
1876,EX_orot_e,,,EX_orot_e
1877,EX_pacald_e,,,EX_pacald_e
1878,EX_peamn_e,,,EX_peamn_e
1879,EX_pheme_e,,,EX_pheme_e
1880,EX_phe__L_e,,,EX_phe__L_e
1881,EX_pi_e,,,EX_pi_e
1882,EX_hg2_e,,,EX_hg2_e
1883,EX_his__L_e,,,EX_his__L_e
1884,EX_hom__L_e,,,EX_hom__L_e
1885,EX_3hpppn_e,,,EX_3hpppn_e
1886,EX_h_e,,,EX_h_e
1887,EX_hxa_e,,,EX_hxa_e
1888,EX_hxan_e,,,EX_hxan_e
1889,EX_pnto__R_e,,,EX_pnto__R_e
1890,EX_ppal_e,,,EX_ppal_e
1891,EX_ppa_e,,,EX_ppa_e
1892,EX_idon__L_e,,,EX_idon__L_e
1893,EX_udpgal_e,,,EX_udpgal_e
1894,EX_ile__L_e,,,EX_ile__L_e
1895,EX_imp_e,,,EX_imp_e
1896,EX_indole_e,,,EX_indole_e
1897,EX_inost_e,,,EX_inost_e
1898,EX_pppn_e,,,EX_pppn_e
1899,EX_ppt_e,,,EX_ppt_e
1900,EX_progly_e,,,EX_progly_e
1901,EX_pro__L_e,,,EX_pro__L_e
1902,EX_isetac_e,,,EX_isetac_e
1903,EX_k_e,,,EX_k_e
1904,EX_udpglcur_e,,,EX_udpglcur_e
1905,EX_psclys_e,,,EX_psclys_e
1906,EX_pser__L_e,,,EX_pser__L_e
1907,EX_udpg_e,,,EX_udpg_e
1908,EX_ptrc_e,,,EX_ptrc_e
1909,EX_pyr_e,,,EX_pyr_e
1910,EX_ump_e,,,EX_ump_e
1911,EX_r5p_e,,,EX_r5p_e
1912,EX_ura_e,,,EX_ura_e
1913,EX_rib__D_e,,,EX_rib__D_e
1914,EX_rmn_e,,,EX_rmn_e
1915,EX_uri_e,,,EX_uri_e
1916,EX_sbt__D_e,,,EX_sbt__D_e
1917,EX_ser__L_e,,,EX_ser__L_e
1918,EX_skm_e,,,EX_skm_e
1919,EX_so2_e,,,EX_so2_e
1920,EX_so3_e,,,EX_so3_e
1921,EX_so4_e,,,EX_so4_e
1922,EX_spmd_e,,,EX_spmd_e
1923,EX_val__L_e,,,EX_val__L_e
1924,EX_succ_e,,,EX_succ_e
1925,EX_sulfac_e,,,EX_sulfac_e
1926,EX_tartr__L_e,,,EX_tartr__L_e
1927,EX_xan_e,,,EX_xan_e
1928,EX_taur_e,,,EX_taur_e
1929,EX_tcynt_e,,,EX_tcynt_e
1930,EX_xmp_e,,,EX_xmp_e
1931,EX_thymd_e,,,EX_thymd_e
1932,EX_thm_e,,,EX_thm_e
1933,EX_thrp_e,,,EX_thrp_e
1934,EX_xtsn_e,,,EX_xtsn_e
1935,EX_thr__L_e,,,EX_thr__L_e
1936,EX_thym_e,,,EX_thym_e
1937,EX_tmao_e,,,EX_tmao_e
1938,EX_xyl__D_e,,,EX_xyl__D_e
1939,EX_tma_e,,,EX_tma_e
1940,EX_xylu__L_e,,,EX_xylu__L_e
1941,EX_zn2_e,,,EX_zn2_e
1942,EX_urea_e,,,EX_urea_e
1943,EX_fe_e,,,EX_fe_e
1944,G5SADs,0.1887831610021901,3.797973996065065,G5SADs
1945,ORNCD,0.3259158476865949,1.952506184577942,ORNCD
1946,CYSDSF,-22.860209461848218,2.547421455383301,CYSDSF
1947,CDGUNPD,,,CDGUNPD
1948,DGUNC,,,DGUNC
1949,KOKDO_LIPApenta,,,KOKDO_LIPApenta
1950,KOKDO_LIPAtetra,,,KOKDO_LIPAtetra
1951,L_LACt2rpp,5.055244792280774,6.8171105663112405e-06,L_LACt2rpp
1952,LDH_L,25.717189093554172,0.6792177351124498,LDH_L
1953,SDPTA,0.8095104758069951,0.9571401476860046,SDPTA
1954,ACt2rpp,-0.644827666650384,0.0,ACt2rpp
1955,SUCCt3pp,-20.69839322306857,1.6136845784182477e-05,SUCCt3pp
1956,GALS3,-7.000698970835799,0.6975880861282349,GALS3
1957,RAFGH,-7.00070658056238,0.6975855231285095,RAFGH
1958,STACHGALACT,-7.00073338365398,0.6975935697555542,STACHGALACT
1959,TSULR3e,53.9723365437911,32.198097229003906,TSULR3e
1960,PAPSSH,106.16782261119938,0.887041483455751,PAPSSH
